scene,frame,domain,stage,value
classroom,,seconds,total_process,140.46997340000235
classroom,-1,cpu_ms,json_load,1155.31
classroom,-1,cpu_ms,load_entities,0.5317
classroom,-1,cpu_ms,load_geometries,640.535
classroom,-1,cpu_ms,load_materials_textures,503.65
classroom,-1,cpu_ms,shader_compile:tone_mapping.slang:Main,52.6687
classroom,-1,cpu_ms,startup_core,931.636
classroom,-1,count,gpu_timestamps,0
classroom,-1,count,shader_compile:tone_mapping.slang:Main,2
classroom,0,cpu_ms,compile_renderer,3473.743600
classroom,0,cpu_ms,develop,1.303600
classroom,0,cpu_ms,develop_submit,0.868800
classroom,0,cpu_ms,develop_wait,0.130200
classroom,0,cpu_ms,frame_wall,136630.146800
classroom,0,cpu_ms,graph_material_component_init,58962.155200
classroom,0,cpu_ms,initial_blas_build,208.931700
classroom,0,cpu_ms,light_component_init,72029.359700
classroom,0,cpu_ms,light_selection_record,0.991000
classroom,0,cpu_ms,preprocess_submit,5.459500
classroom,0,cpu_ms,render_setup,27.353800
classroom,0,cpu_ms,render_submit,1.550400
classroom,0,cpu_ms,render_wait,347.449600
classroom,0,cpu_ms,render_wall,136628.840900
classroom,0,cpu_ms,scene_metadata,2.002800
classroom,0,cpu_ms,scene_registration,131094.164700
classroom,0,cpu_ms,scene_update,134790.108900
classroom,0,cpu_ms,shader_compile:blelloch_scan.slang:BlellochDownSweep,8.889800
classroom,0,cpu_ms,shader_compile:blelloch_scan.slang:BlellochUpSweep,12.976800
classroom,0,cpu_ms,shader_compile:camera.slang:CameraPinhole,38.587600
classroom,0,cpu_ms,shader_compile:entity_chit.slang:RenderClosestHit,1004.360800
classroom,0,cpu_ms,shader_compile:entity_chit.slang:ShadowAnyHit,60.107000
classroom,0,cpu_ms,shader_compile:entity_chit.slang:ShadowClosestHit,195.450800
classroom,0,cpu_ms,shader_compile:film2img.slang:Main,12.237600
classroom,0,cpu_ms,shader_compile:gather_light_power.slang:GatherLightPowerKernel,22.468700
classroom,0,cpu_ms,shader_compile:geometry/mesh/hit_group.slang:RenderClosestHit,49177.930700
classroom,0,cpu_ms,shader_compile:geometry/mesh/hit_group.slang:ShadowAnyHit,5271.949500
classroom,0,cpu_ms,shader_compile:geometry/mesh/hit_group.slang:ShadowClosestHit,4462.099800
classroom,0,cpu_ms,shader_compile:light/geometry_material/direct_lighting_sampler.slang:SampleDirectLightingCallable,38512.902700
classroom,0,cpu_ms,shader_compile:light/geometry_material/gather_primitive_power.slang:GatherPrimitivePowerKernel,32025.732000
classroom,0,cpu_ms,shader_compile:light/point/direct_lighting_sampler.slang:SampleDirectLightingCallable,70.476300
classroom,0,cpu_ms,shader_compile:raygen.slang:Main,53.158100
classroom,0,cpu_ms,shader_compile:raygen.slang:MissMain,25.384500
classroom,0,cpu_ms,shader_compile:raygen.slang:ShadowMiss,22.582400
classroom,0,cpu_ms,shader_compile:software/render.slang:Main,3419.615500
classroom,0,cpu_ms,software_prepare,3687.459500
classroom,0,count,gpu_timestamps,0
classroom,0,count,instances,928
classroom,0,count,light_components,928
classroom,0,count,light_shader_source_variants,3
classroom,0,count,native_ray_query,1
classroom,0,count,shader_compile:blelloch_scan.slang:BlellochDownSweep,1
classroom,0,count,shader_compile:blelloch_scan.slang:BlellochUpSweep,1
classroom,0,count,shader_compile:camera.slang:CameraPinhole,1
classroom,0,count,shader_compile:entity_chit.slang:RenderClosestHit,4
classroom,0,count,shader_compile:entity_chit.slang:ShadowAnyHit,1
classroom,0,count,shader_compile:entity_chit.slang:ShadowClosestHit,4
classroom,0,count,shader_compile:film2img.slang:Main,1
classroom,0,count,shader_compile:gather_light_power.slang:GatherLightPowerKernel,1
classroom,0,count,shader_compile:geometry/mesh/hit_group.slang:RenderClosestHit,54
classroom,0,count,shader_compile:geometry/mesh/hit_group.slang:ShadowAnyHit,54
classroom,0,count,shader_compile:geometry/mesh/hit_group.slang:ShadowClosestHit,54
classroom,0,count,shader_compile:light/geometry_material/direct_lighting_sampler.slang:SampleDirectLightingCallable,928
classroom,0,count,shader_compile:light/geometry_material/gather_primitive_power.slang:GatherPrimitivePowerKernel,928
classroom,0,count,shader_compile:light/point/direct_lighting_sampler.slang:SampleDirectLightingCallable,2
classroom,0,count,shader_compile:raygen.slang:Main,1
classroom,0,count,shader_compile:raygen.slang:MissMain,1
classroom,0,count,shader_compile:raygen.slang:ShadowMiss,1
classroom,0,count,shader_compile:software/render.slang:Main,1
classroom,1,cpu_ms,develop,0.677300
classroom,1,cpu_ms,develop_submit,0.184800
classroom,1,cpu_ms,develop_wait,0.147000
classroom,1,cpu_ms,frame_wall,145.478600
classroom,1,cpu_ms,light_selection_record,0.214400
classroom,1,cpu_ms,preprocess_submit,4.834100
classroom,1,cpu_ms,render_setup,7.695700
classroom,1,cpu_ms,render_submit,0.643900
classroom,1,cpu_ms,render_wait,119.225300
classroom,1,cpu_ms,render_wall,144.798300
classroom,1,cpu_ms,scene_metadata,0.651900
classroom,1,cpu_ms,scene_registration,4.997500
classroom,1,cpu_ms,scene_update,17.114100
classroom,1,cpu_ms,software_prepare,6.406000
classroom,1,count,gpu_timestamps,0
classroom,1,count,instances,928
classroom,1,count,native_ray_query,1
junkshop,,seconds,total_process,64.2767326999965
junkshop,-1,cpu_ms,json_load,12939.8
junkshop,-1,cpu_ms,load_entities,0.0389
junkshop,-1,cpu_ms,load_geometries,7630.83
junkshop,-1,cpu_ms,load_materials_textures,5304.36
junkshop,-1,cpu_ms,shader_compile:tone_mapping.slang:Main,54.7388
junkshop,-1,cpu_ms,startup_core,954.817
junkshop,-1,count,gpu_timestamps,0
junkshop,-1,count,shader_compile:tone_mapping.slang:Main,2
junkshop,0,cpu_ms,compile_renderer,2961.765900
junkshop,0,cpu_ms,develop,1.090200
junkshop,0,cpu_ms,develop_submit,0.501500
junkshop,0,cpu_ms,develop_wait,0.188300
junkshop,0,cpu_ms,frame_wall,49139.580700
junkshop,0,cpu_ms,graph_material_component_init,40196.484500
junkshop,0,cpu_ms,initial_blas_build,229.040300
junkshop,0,cpu_ms,light_component_init,3813.523000
junkshop,0,cpu_ms,light_selection_record,0.859700
junkshop,0,cpu_ms,preprocess_submit,0.750300
junkshop,0,cpu_ms,render_setup,2.943900
junkshop,0,cpu_ms,render_submit,0.829300
junkshop,0,cpu_ms,render_wait,233.456500
junkshop,0,cpu_ms,render_wall,49138.487200
junkshop,0,cpu_ms,scene_metadata,1.310300
junkshop,0,cpu_ms,scene_registration,44266.140900
junkshop,0,cpu_ms,scene_update,47464.054900
junkshop,0,cpu_ms,shader_compile:blelloch_scan.slang:BlellochDownSweep,11.188000
junkshop,0,cpu_ms,shader_compile:blelloch_scan.slang:BlellochUpSweep,13.331800
junkshop,0,cpu_ms,shader_compile:camera.slang:CameraPinhole,36.578400
junkshop,0,cpu_ms,shader_compile:entity_chit.slang:RenderClosestHit,968.543500
junkshop,0,cpu_ms,shader_compile:entity_chit.slang:ShadowAnyHit,62.912100
junkshop,0,cpu_ms,shader_compile:entity_chit.slang:ShadowClosestHit,195.987900
junkshop,0,cpu_ms,shader_compile:film2img.slang:Main,13.532800
junkshop,0,cpu_ms,shader_compile:gather_light_power.slang:GatherLightPowerKernel,21.697600
junkshop,0,cpu_ms,shader_compile:geometry/mesh/hit_group.slang:RenderClosestHit,33758.345700
junkshop,0,cpu_ms,shader_compile:geometry/mesh/hit_group.slang:ShadowAnyHit,3499.641700
junkshop,0,cpu_ms,shader_compile:geometry/mesh/hit_group.slang:ShadowClosestHit,2905.076000
junkshop,0,cpu_ms,shader_compile:light/geometry_material/direct_lighting_sampler.slang:SampleDirectLightingCallable,2053.555300
junkshop,0,cpu_ms,shader_compile:light/geometry_material/gather_primitive_power.slang:GatherPrimitivePowerKernel,1681.056800
junkshop,0,cpu_ms,shader_compile:light/point/direct_lighting_sampler.slang:SampleDirectLightingCallable,243.124600
junkshop,0,cpu_ms,shader_compile:raygen.slang:Main,54.527700
junkshop,0,cpu_ms,shader_compile:raygen.slang:MissMain,25.611500
junkshop,0,cpu_ms,shader_compile:raygen.slang:ShadowMiss,27.067400
junkshop,0,cpu_ms,shader_compile:software/render.slang:Main,2889.418600
junkshop,0,cpu_ms,software_prepare,3194.984900
junkshop,0,count,gpu_timestamps,0
junkshop,0,count,instances,48
junkshop,0,count,light_components,48
junkshop,0,count,light_shader_source_variants,3
junkshop,0,count,native_ray_query,1
junkshop,0,count,shader_compile:blelloch_scan.slang:BlellochDownSweep,1
junkshop,0,count,shader_compile:blelloch_scan.slang:BlellochUpSweep,1
junkshop,0,count,shader_compile:camera.slang:CameraPinhole,1
junkshop,0,count,shader_compile:entity_chit.slang:RenderClosestHit,4
junkshop,0,count,shader_compile:entity_chit.slang:ShadowAnyHit,1
junkshop,0,count,shader_compile:entity_chit.slang:ShadowClosestHit,4
junkshop,0,count,shader_compile:film2img.slang:Main,1
junkshop,0,count,shader_compile:gather_light_power.slang:GatherLightPowerKernel,1
junkshop,0,count,shader_compile:geometry/mesh/hit_group.slang:RenderClosestHit,35
junkshop,0,count,shader_compile:geometry/mesh/hit_group.slang:ShadowAnyHit,35
junkshop,0,count,shader_compile:geometry/mesh/hit_group.slang:ShadowClosestHit,35
junkshop,0,count,shader_compile:light/geometry_material/direct_lighting_sampler.slang:SampleDirectLightingCallable,48
junkshop,0,count,shader_compile:light/geometry_material/gather_primitive_power.slang:GatherPrimitivePowerKernel,48
junkshop,0,count,shader_compile:light/point/direct_lighting_sampler.slang:SampleDirectLightingCallable,7
junkshop,0,count,shader_compile:raygen.slang:Main,1
junkshop,0,count,shader_compile:raygen.slang:MissMain,1
junkshop,0,count,shader_compile:raygen.slang:ShadowMiss,1
junkshop,0,count,shader_compile:software/render.slang:Main,1
junkshop,1,cpu_ms,develop,0.419400
junkshop,1,cpu_ms,develop_submit,0.106900
junkshop,1,cpu_ms,develop_wait,0.108800
junkshop,1,cpu_ms,frame_wall,64.308100
junkshop,1,cpu_ms,light_selection_record,0.128600
junkshop,1,cpu_ms,preprocess_submit,1.315300
junkshop,1,cpu_ms,render_setup,1.194200
junkshop,1,cpu_ms,render_submit,0.259400
junkshop,1,cpu_ms,render_wait,53.044300
junkshop,1,cpu_ms,render_wall,63.887200
junkshop,1,cpu_ms,scene_metadata,0.392500
junkshop,1,cpu_ms,scene_registration,1.965300
junkshop,1,cpu_ms,scene_update,9.357500
junkshop,1,cpu_ms,software_prepare,5.549300
junkshop,1,count,gpu_timestamps,0
junkshop,1,count,instances,48
junkshop,1,count,native_ray_query,1
monster,,seconds,total_process,34.76825390000158
monster,-1,cpu_ms,json_load,2480.33
monster,-1,cpu_ms,load_entities,0.0344
monster,-1,cpu_ms,load_geometries,627.361
monster,-1,cpu_ms,load_materials_textures,1849.47
monster,-1,cpu_ms,shader_compile:tone_mapping.slang:Main,55.9369
monster,-1,cpu_ms,startup_core,951.863
monster,-1,count,gpu_timestamps,0
monster,-1,count,shader_compile:tone_mapping.slang:Main,2
monster,0,cpu_ms,compile_renderer,2271.973200
monster,0,cpu_ms,develop,0.966800
monster,0,cpu_ms,develop_submit,0.394100
monster,0,cpu_ms,develop_wait,0.159500
monster,0,cpu_ms,frame_wall,30283.035200
monster,0,cpu_ms,graph_material_component_init,22238.001000
monster,0,cpu_ms,initial_blas_build,165.800400
monster,0,cpu_ms,light_component_init,3862.993800
monster,0,cpu_ms,light_selection_record,0.944500
monster,0,cpu_ms,preprocess_submit,0.854300
monster,0,cpu_ms,render_setup,2.368700
monster,0,cpu_ms,render_submit,0.511300
monster,0,cpu_ms,render_wait,321.179900
monster,0,cpu_ms,render_wall,30282.065300
monster,0,cpu_ms,scene_metadata,1.208600
monster,0,cpu_ms,scene_registration,26106.574100
monster,0,cpu_ms,scene_update,28550.821700
monster,0,cpu_ms,shader_compile:blelloch_scan.slang:BlellochDownSweep,9.459500
monster,0,cpu_ms,shader_compile:blelloch_scan.slang:BlellochUpSweep,12.092300
monster,0,cpu_ms,shader_compile:camera.slang:CameraPinhole,36.893100
monster,0,cpu_ms,shader_compile:entity_chit.slang:RenderClosestHit,950.880000
monster,0,cpu_ms,shader_compile:entity_chit.slang:ShadowAnyHit,62.356900
monster,0,cpu_ms,shader_compile:entity_chit.slang:ShadowClosestHit,194.167700
monster,0,cpu_ms,shader_compile:film2img.slang:Main,12.622000
monster,0,cpu_ms,shader_compile:gather_light_power.slang:GatherLightPowerKernel,22.191300
monster,0,cpu_ms,shader_compile:geometry/mesh/hit_group.slang:RenderClosestHit,18613.334100
monster,0,cpu_ms,shader_compile:geometry/mesh/hit_group.slang:ShadowAnyHit,1982.086900
monster,0,cpu_ms,shader_compile:geometry/mesh/hit_group.slang:ShadowClosestHit,1623.910400
monster,0,cpu_ms,shader_compile:light/geometry_material/direct_lighting_sampler.slang:SampleDirectLightingCallable,2074.751700
monster,0,cpu_ms,shader_compile:light/geometry_material/gather_primitive_power.slang:GatherPrimitivePowerKernel,1705.860200
monster,0,cpu_ms,shader_compile:raygen.slang:Main,54.116500
monster,0,cpu_ms,shader_compile:raygen.slang:MissMain,25.600700
monster,0,cpu_ms,shader_compile:raygen.slang:ShadowMiss,22.299600
monster,0,cpu_ms,shader_compile:software/render.slang:Main,2224.797900
monster,0,cpu_ms,software_prepare,2441.229700
monster,0,count,gpu_timestamps,0
monster,0,count,instances,49
monster,0,count,light_components,49
monster,0,count,light_shader_source_variants,2
monster,0,count,native_ray_query,1
monster,0,count,shader_compile:blelloch_scan.slang:BlellochDownSweep,1
monster,0,count,shader_compile:blelloch_scan.slang:BlellochUpSweep,1
monster,0,count,shader_compile:camera.slang:CameraPinhole,1
monster,0,count,shader_compile:entity_chit.slang:RenderClosestHit,4
monster,0,count,shader_compile:entity_chit.slang:ShadowAnyHit,1
monster,0,count,shader_compile:entity_chit.slang:ShadowClosestHit,4
monster,0,count,shader_compile:film2img.slang:Main,1
monster,0,count,shader_compile:gather_light_power.slang:GatherLightPowerKernel,1
monster,0,count,shader_compile:geometry/mesh/hit_group.slang:RenderClosestHit,19
monster,0,count,shader_compile:geometry/mesh/hit_group.slang:ShadowAnyHit,19
monster,0,count,shader_compile:geometry/mesh/hit_group.slang:ShadowClosestHit,19
monster,0,count,shader_compile:light/geometry_material/direct_lighting_sampler.slang:SampleDirectLightingCallable,49
monster,0,count,shader_compile:light/geometry_material/gather_primitive_power.slang:GatherPrimitivePowerKernel,49
monster,0,count,shader_compile:raygen.slang:Main,1
monster,0,count,shader_compile:raygen.slang:MissMain,1
monster,0,count,shader_compile:raygen.slang:ShadowMiss,1
monster,0,count,shader_compile:software/render.slang:Main,1
monster,1,cpu_ms,develop,1.172700
monster,1,cpu_ms,develop_submit,0.230200
monster,1,cpu_ms,develop_wait,0.276200
monster,1,cpu_ms,frame_wall,64.734900
monster,1,cpu_ms,light_selection_record,0.129700
monster,1,cpu_ms,preprocess_submit,1.455800
monster,1,cpu_ms,render_setup,1.248500
monster,1,cpu_ms,render_submit,0.141800
monster,1,cpu_ms,render_wait,55.464800
monster,1,cpu_ms,render_wall,63.558700
monster,1,cpu_ms,scene_metadata,0.560500
monster,1,cpu_ms,scene_registration,0.511900
monster,1,cpu_ms,scene_update,6.654600
monster,1,cpu_ms,software_prepare,3.990300
monster,1,count,gpu_timestamps,0
monster,1,count,instances,49
monster,1,count,native_ray_query,1
