phase,scene,backend,frame,domain,stage,value
after,classroom,d3d12,,seconds,total_process,8.974924999994982
after,classroom,d3d12,0,cpu_ms,compile_renderer,4302.247300
after,classroom,d3d12,0,cpu_ms,develop,4.363200
after,classroom,d3d12,0,cpu_ms,develop_submit,0.815300
after,classroom,d3d12,0,cpu_ms,develop_wait,0.117900
after,classroom,d3d12,0,cpu_ms,frame_wall,5536.033400
after,classroom,d3d12,0,cpu_ms,light_selection_record,0.884000
after,classroom,d3d12,0,cpu_ms,preprocess_submit,11.562400
after,classroom,d3d12,0,cpu_ms,render_setup,20.934300
after,classroom,d3d12,0,cpu_ms,render_submit,1.178400
after,classroom,d3d12,0,cpu_ms,render_wait,261.429400
after,classroom,d3d12,0,cpu_ms,render_wall,5531.668200
after,classroom,d3d12,0,cpu_ms,scene_metadata,1.262600
after,classroom,d3d12,0,cpu_ms,scene_registration,671.073500
after,classroom,d3d12,0,cpu_ms,scene_update,5186.890800
after,classroom,d3d12,0,cpu_ms,software_prepare,4502.094000
after,classroom,d3d12,0,count,gpu_timestamps,0
after,classroom,d3d12,0,count,instances,928
after,classroom,d3d12,0,count,native_ray_query,1
after,classroom,d3d12,1,cpu_ms,develop,0.447500
after,classroom,d3d12,1,cpu_ms,develop_submit,0.129000
after,classroom,d3d12,1,cpu_ms,develop_wait,0.094800
after,classroom,d3d12,1,cpu_ms,frame_wall,133.958900
after,classroom,d3d12,1,cpu_ms,light_selection_record,0.145700
after,classroom,d3d12,1,cpu_ms,preprocess_submit,4.631900
after,classroom,d3d12,1,cpu_ms,render_setup,7.476000
after,classroom,d3d12,1,cpu_ms,render_submit,0.550300
after,classroom,d3d12,1,cpu_ms,render_wait,113.272100
after,classroom,d3d12,1,cpu_ms,render_wall,133.509400
after,classroom,d3d12,1,cpu_ms,scene_metadata,0.353400
after,classroom,d3d12,1,cpu_ms,scene_registration,3.622800
after,classroom,d3d12,1,cpu_ms,scene_update,12.128500
after,classroom,d3d12,1,cpu_ms,software_prepare,3.369400
after,classroom,d3d12,1,count,gpu_timestamps,0
after,classroom,d3d12,1,count,instances,928
after,classroom,d3d12,1,count,native_ray_query,1
after,junkshop,d3d12,,seconds,total_process,18.32451939999737
after,junkshop,d3d12,0,cpu_ms,compile_renderer,2985.321900
after,junkshop,d3d12,0,cpu_ms,develop,0.873300
after,junkshop,d3d12,0,cpu_ms,develop_submit,0.443100
after,junkshop,d3d12,0,cpu_ms,develop_wait,0.138100
after,junkshop,d3d12,0,cpu_ms,frame_wall,3478.616700
after,junkshop,d3d12,0,cpu_ms,light_selection_record,0.540400
after,junkshop,d3d12,0,cpu_ms,preprocess_submit,0.824800
after,junkshop,d3d12,0,cpu_ms,render_setup,1.215300
after,junkshop,d3d12,0,cpu_ms,render_submit,0.765700
after,junkshop,d3d12,0,cpu_ms,render_wait,54.941200
after,junkshop,d3d12,0,cpu_ms,render_wall,3477.741500
after,junkshop,d3d12,0,cpu_ms,scene_metadata,1.149100
after,junkshop,d3d12,0,cpu_ms,scene_registration,155.723400
after,junkshop,d3d12,0,cpu_ms,scene_update,3358.260600
after,junkshop,d3d12,0,cpu_ms,software_prepare,3200.014900
after,junkshop,d3d12,0,count,gpu_timestamps,0
after,junkshop,d3d12,0,count,instances,48
after,junkshop,d3d12,0,count,native_ray_query,1
after,junkshop,d3d12,1,cpu_ms,develop,0.727300
after,junkshop,d3d12,1,cpu_ms,develop_submit,0.375700
after,junkshop,d3d12,1,cpu_ms,develop_wait,0.133300
after,junkshop,d3d12,1,cpu_ms,frame_wall,62.340600
after,junkshop,d3d12,1,cpu_ms,light_selection_record,0.106400
after,junkshop,d3d12,1,cpu_ms,preprocess_submit,0.849400
after,junkshop,d3d12,1,cpu_ms,render_setup,0.996000
after,junkshop,d3d12,1,cpu_ms,render_submit,0.151500
after,junkshop,d3d12,1,cpu_ms,render_wait,53.937700
after,junkshop,d3d12,1,cpu_ms,render_wall,61.603400
after,junkshop,d3d12,1,cpu_ms,scene_metadata,0.333500
after,junkshop,d3d12,1,cpu_ms,scene_registration,2.497800
after,junkshop,d3d12,1,cpu_ms,scene_update,6.482200
after,junkshop,d3d12,1,cpu_ms,software_prepare,2.659400
after,junkshop,d3d12,1,count,gpu_timestamps,0
after,junkshop,d3d12,1,count,instances,48
after,junkshop,d3d12,1,count,native_ray_query,1
after,monster,d3d12,,seconds,total_process,6.4515133000022615
after,monster,d3d12,0,cpu_ms,compile_renderer,2999.197400
after,monster,d3d12,0,cpu_ms,develop,0.672500
after,monster,d3d12,0,cpu_ms,develop_submit,0.354000
after,monster,d3d12,0,cpu_ms,develop_wait,0.057900
after,monster,d3d12,0,cpu_ms,frame_wall,3308.563100
after,monster,d3d12,0,cpu_ms,light_selection_record,0.579200
after,monster,d3d12,0,cpu_ms,preprocess_submit,0.680000
after,monster,d3d12,0,cpu_ms,render_setup,0.815500
after,monster,d3d12,0,cpu_ms,render_submit,0.449200
after,monster,d3d12,0,cpu_ms,render_wait,53.672100
after,monster,d3d12,0,cpu_ms,render_wall,3307.888800
after,monster,d3d12,0,cpu_ms,scene_metadata,1.026900
after,monster,d3d12,0,cpu_ms,scene_registration,103.357000
after,monster,d3d12,0,cpu_ms,scene_update,3191.351000
after,monster,d3d12,0,cpu_ms,software_prepare,3085.700900
after,monster,d3d12,0,count,gpu_timestamps,0
after,monster,d3d12,0,count,instances,49
after,monster,d3d12,0,count,native_ray_query,1
after,monster,d3d12,1,cpu_ms,develop,0.397600
after,monster,d3d12,1,cpu_ms,develop_submit,0.128000
after,monster,d3d12,1,cpu_ms,develop_wait,0.075300
after,monster,d3d12,1,cpu_ms,frame_wall,58.933100
after,monster,d3d12,1,cpu_ms,light_selection_record,0.165400
after,monster,d3d12,1,cpu_ms,preprocess_submit,0.879800
after,monster,d3d12,1,cpu_ms,render_setup,0.802100
after,monster,d3d12,1,cpu_ms,render_submit,0.096500
after,monster,d3d12,1,cpu_ms,render_wait,53.861100
after,monster,d3d12,1,cpu_ms,render_wall,58.534100
after,monster,d3d12,1,cpu_ms,scene_metadata,0.395200
after,monster,d3d12,1,cpu_ms,scene_registration,0.255900
after,monster,d3d12,1,cpu_ms,scene_update,3.750700
after,monster,d3d12,1,cpu_ms,software_prepare,2.048400
after,monster,d3d12,1,count,gpu_timestamps,0
after,monster,d3d12,1,count,instances,49
after,monster,d3d12,1,count,native_ray_query,1
after,classroom,vulkan,,seconds,total_process,10.84492510000564
after,classroom,vulkan,0,cpu_ms,compile_renderer,6905.714600
after,classroom,vulkan,0,cpu_ms,develop,5.596400
after,classroom,vulkan,0,cpu_ms,develop_submit,5.353000
after,classroom,vulkan,0,cpu_ms,develop_wait,0.017000
after,classroom,vulkan,0,cpu_ms,frame_wall,7800.449800
after,classroom,vulkan,0,cpu_ms,light_selection_record,0.821600
after,classroom,vulkan,0,cpu_ms,preprocess_submit,32.811100
after,classroom,vulkan,0,cpu_ms,render_setup,0.397000
after,classroom,vulkan,0,cpu_ms,render_submit,415.387000
after,classroom,vulkan,0,cpu_ms,render_wait,0.025700
after,classroom,vulkan,0,cpu_ms,render_wall,7794.851400
after,classroom,vulkan,0,cpu_ms,scene_metadata,0.454900
after,classroom,vulkan,0,cpu_ms,scene_registration,293.132500
after,classroom,vulkan,0,cpu_ms,scene_update,7328.195900
after,classroom,vulkan,0,cpu_ms,software_prepare,7000.966900
after,classroom,vulkan,0,cpu_ms,static_upload,186.325100
after,classroom,vulkan,0,count,gpu_timestamps,0
after,classroom,vulkan,0,count,instances,928
after,classroom,vulkan,0,count,native_ray_query,1
after,classroom,vulkan,0,count,static_upload_bytes,584992
after,classroom,vulkan,0,count,static_upload_calls,2937
after,classroom,vulkan,1,cpu_ms,develop,0.499300
after,classroom,vulkan,1,cpu_ms,develop_submit,0.388600
after,classroom,vulkan,1,cpu_ms,develop_wait,0.004900
after,classroom,vulkan,1,cpu_ms,frame_wall,182.348500
after,classroom,vulkan,1,cpu_ms,light_selection_record,0.138300
after,classroom,vulkan,1,cpu_ms,preprocess_submit,14.580100
after,classroom,vulkan,1,cpu_ms,render_setup,0.283200
after,classroom,vulkan,1,cpu_ms,render_submit,156.933700
after,classroom,vulkan,1,cpu_ms,render_wait,0.010600
after,classroom,vulkan,1,cpu_ms,render_wall,181.848600
after,classroom,vulkan,1,cpu_ms,scene_metadata,0.178900
after,classroom,vulkan,1,cpu_ms,scene_registration,6.556500
after,classroom,vulkan,1,cpu_ms,scene_update,24.393600
after,classroom,vulkan,1,cpu_ms,software_prepare,2.935900
after,classroom,vulkan,1,cpu_ms,static_upload,0.975100
after,classroom,vulkan,1,count,gpu_timestamps,0
after,classroom,vulkan,1,count,instances,928
after,classroom,vulkan,1,count,native_ray_query,1
after,classroom,vulkan,1,count,static_upload_bytes,130788
after,classroom,vulkan,1,count,static_upload_calls,12
after,junkshop,vulkan,,seconds,total_process,18.618236899994372
after,junkshop,vulkan,0,cpu_ms,compile_renderer,3603.262700
after,junkshop,vulkan,0,cpu_ms,develop,0.483500
after,junkshop,vulkan,0,cpu_ms,develop_submit,0.304200
after,junkshop,vulkan,0,cpu_ms,develop_wait,0.008400
after,junkshop,vulkan,0,cpu_ms,frame_wall,4114.050100
after,junkshop,vulkan,0,cpu_ms,light_selection_record,0.562200
after,junkshop,vulkan,0,cpu_ms,preprocess_submit,2.914000
after,junkshop,vulkan,0,cpu_ms,render_setup,0.244200
after,junkshop,vulkan,0,cpu_ms,render_submit,166.344100
after,junkshop,vulkan,0,cpu_ms,render_wait,0.015200
after,junkshop,vulkan,0,cpu_ms,render_wall,4113.565300
after,junkshop,vulkan,0,cpu_ms,scene_metadata,0.426200
after,junkshop,vulkan,0,cpu_ms,scene_registration,115.080800
after,junkshop,vulkan,0,cpu_ms,scene_update,3895.168400
after,junkshop,vulkan,0,cpu_ms,software_prepare,3776.179100
after,junkshop,vulkan,0,cpu_ms,static_upload,18.346000
after,junkshop,vulkan,0,count,gpu_timestamps,0
after,junkshop,vulkan,0,count,instances,48
after,junkshop,vulkan,0,count,native_ray_query,1
after,junkshop,vulkan,0,count,static_upload_bytes,40852
after,junkshop,vulkan,0,count,static_upload_calls,243
after,junkshop,vulkan,1,cpu_ms,develop,0.284700
after,junkshop,vulkan,1,cpu_ms,develop_submit,0.170600
after,junkshop,vulkan,1,cpu_ms,develop_wait,0.004500
after,junkshop,vulkan,1,cpu_ms,frame_wall,85.255300
after,junkshop,vulkan,1,cpu_ms,light_selection_record,0.084900
after,junkshop,vulkan,1,cpu_ms,preprocess_submit,1.452000
after,junkshop,vulkan,1,cpu_ms,render_setup,0.208200
after,junkshop,vulkan,1,cpu_ms,render_submit,79.353700
after,junkshop,vulkan,1,cpu_ms,render_wait,0.011100
after,junkshop,vulkan,1,cpu_ms,render_wall,84.969700
after,junkshop,vulkan,1,cpu_ms,scene_metadata,0.250000
after,junkshop,vulkan,1,cpu_ms,scene_registration,1.233000
after,junkshop,vulkan,1,cpu_ms,scene_update,5.214000
after,junkshop,vulkan,1,cpu_ms,software_prepare,2.191100
after,junkshop,vulkan,1,cpu_ms,static_upload,1.455600
after,junkshop,vulkan,1,count,gpu_timestamps,0
after,junkshop,vulkan,1,count,instances,48
after,junkshop,vulkan,1,count,native_ray_query,1
after,junkshop,vulkan,1,count,static_upload_bytes,7592
after,junkshop,vulkan,1,count,static_upload_calls,17
after,monster,vulkan,,seconds,total_process,7.99758849999489
after,monster,vulkan,0,cpu_ms,compile_renderer,4437.821700
after,monster,vulkan,0,cpu_ms,develop,1.231600
after,monster,vulkan,0,cpu_ms,develop_submit,0.663100
after,monster,vulkan,0,cpu_ms,develop_wait,0.016400
after,monster,vulkan,0,cpu_ms,frame_wall,4876.811000
after,monster,vulkan,0,cpu_ms,light_selection_record,0.552700
after,monster,vulkan,0,cpu_ms,preprocess_submit,2.749800
after,monster,vulkan,0,cpu_ms,render_setup,0.260200
after,monster,vulkan,0,cpu_ms,render_submit,277.328000
after,monster,vulkan,0,cpu_ms,render_wait,0.034000
after,monster,vulkan,0,cpu_ms,render_wall,4875.577300
after,monster,vulkan,0,cpu_ms,scene_metadata,0.388200
after,monster,vulkan,0,cpu_ms,scene_registration,77.066700
after,monster,vulkan,0,cpu_ms,scene_update,4546.234700
after,monster,vulkan,0,cpu_ms,software_prepare,4465.471300
after,monster,vulkan,0,cpu_ms,static_upload,14.348500
after,monster,vulkan,0,count,gpu_timestamps,0
after,monster,vulkan,0,count,instances,49
after,monster,vulkan,0,count,native_ray_query,1
after,monster,vulkan,0,count,static_upload_bytes,37112
after,monster,vulkan,0,count,static_upload_calls,200
after,monster,vulkan,1,cpu_ms,develop,0.606900
after,monster,vulkan,1,cpu_ms,develop_submit,0.311800
after,monster,vulkan,1,cpu_ms,develop_wait,0.016100
after,monster,vulkan,1,cpu_ms,frame_wall,80.736100
after,monster,vulkan,1,cpu_ms,light_selection_record,0.497100
after,monster,vulkan,1,cpu_ms,preprocess_submit,1.181600
after,monster,vulkan,1,cpu_ms,render_setup,0.232900
after,monster,vulkan,1,cpu_ms,render_submit,73.868600
after,monster,vulkan,1,cpu_ms,render_wait,0.029800
after,monster,vulkan,1,cpu_ms,render_wall,80.126900
after,monster,vulkan,1,cpu_ms,scene_metadata,0.439900
after,monster,vulkan,1,cpu_ms,scene_registration,0.653000
after,monster,vulkan,1,cpu_ms,scene_update,5.603600
after,monster,vulkan,1,cpu_ms,software_prepare,2.827700
after,monster,vulkan,1,cpu_ms,static_upload,1.688700
after,monster,vulkan,1,count,gpu_timestamps,0
after,monster,vulkan,1,count,instances,49
after,monster,vulkan,1,count,native_ray_query,1
after,monster,vulkan,1,count,static_upload_bytes,7368
after,monster,vulkan,1,count,static_upload_calls,10
before,classroom,vulkan,0,cpu_ms,compile_renderer,4540.009100
before,classroom,vulkan,0,cpu_ms,develop,4.601000
before,classroom,vulkan,0,cpu_ms,develop_submit,4.254300
before,classroom,vulkan,0,cpu_ms,develop_wait,0.009800
before,classroom,vulkan,0,cpu_ms,frame_wall,141357.046200
before,classroom,vulkan,0,cpu_ms,light_selection_record,0.751700
before,classroom,vulkan,0,cpu_ms,preprocess_submit,34.571000
before,classroom,vulkan,0,cpu_ms,render_setup,0.601800
before,classroom,vulkan,0,cpu_ms,render_submit,331.510000
before,classroom,vulkan,0,cpu_ms,render_wait,0.028300
before,classroom,vulkan,0,cpu_ms,render_wall,141352.443400
before,classroom,vulkan,0,cpu_ms,scene_metadata,0.458500
before,classroom,vulkan,0,cpu_ms,scene_registration,134996.408500
before,classroom,vulkan,0,cpu_ms,scene_update,139873.883200
before,classroom,vulkan,0,cpu_ms,software_prepare,4841.676000
before,classroom,vulkan,0,cpu_ms,static_upload,800.362500
before,classroom,vulkan,0,count,gpu_timestamps,0
before,classroom,vulkan,0,count,instances,928
before,classroom,vulkan,0,count,native_ray_query,1
before,classroom,vulkan,0,count,static_upload_bytes,584992
before,classroom,vulkan,0,count,static_upload_calls,2937
before,junkshop,vulkan,0,cpu_ms,compile_renderer,3527.300600
before,junkshop,vulkan,0,cpu_ms,develop,0.392700
before,junkshop,vulkan,0,cpu_ms,develop_submit,0.239800
before,junkshop,vulkan,0,cpu_ms,develop_wait,0.020400
before,junkshop,vulkan,0,cpu_ms,frame_wall,53378.174400
before,junkshop,vulkan,0,cpu_ms,light_selection_record,0.621000
before,junkshop,vulkan,0,cpu_ms,preprocess_submit,3.601200
before,junkshop,vulkan,0,cpu_ms,render_setup,0.252100
before,junkshop,vulkan,0,cpu_ms,render_submit,303.047900
before,junkshop,vulkan,0,cpu_ms,render_wait,0.010700
before,junkshop,vulkan,0,cpu_ms,render_wall,53377.781100
before,junkshop,vulkan,0,cpu_ms,scene_metadata,0.448900
before,junkshop,vulkan,0,cpu_ms,scene_registration,48172.294900
before,junkshop,vulkan,0,cpu_ms,scene_update,51889.393000
before,junkshop,vulkan,0,cpu_ms,software_prepare,3712.413800
before,junkshop,vulkan,0,cpu_ms,static_upload,67.690000
before,junkshop,vulkan,0,count,gpu_timestamps,0
before,junkshop,vulkan,0,count,instances,48
before,junkshop,vulkan,0,count,native_ray_query,1
before,junkshop,vulkan,0,count,static_upload_bytes,40852
before,junkshop,vulkan,0,count,static_upload_calls,243
before,monster,vulkan,0,cpu_ms,compile_renderer,2986.570400
before,monster,vulkan,0,cpu_ms,develop,0.386900
before,monster,vulkan,0,cpu_ms,develop_submit,0.208600
before,monster,vulkan,0,cpu_ms,develop_wait,0.004500
before,monster,vulkan,0,cpu_ms,frame_wall,32789.982800
before,monster,vulkan,0,cpu_ms,light_selection_record,0.716500
before,monster,vulkan,0,cpu_ms,preprocess_submit,2.909300
before,monster,vulkan,0,cpu_ms,render_setup,0.531500
before,monster,vulkan,0,cpu_ms,render_submit,242.348700
before,monster,vulkan,0,cpu_ms,render_wait,0.057200
before,monster,vulkan,0,cpu_ms,render_wall,32789.595200
before,monster,vulkan,0,cpu_ms,scene_metadata,0.499600
before,monster,vulkan,0,cpu_ms,scene_registration,28278.549300
before,monster,vulkan,0,cpu_ms,scene_update,31388.873100
before,monster,vulkan,0,cpu_ms,software_prepare,3106.189400
before,monster,vulkan,0,cpu_ms,static_upload,50.261900
before,monster,vulkan,0,count,gpu_timestamps,0
before,monster,vulkan,0,count,instances,49
before,monster,vulkan,0,count,native_ray_query,1
before,monster,vulkan,0,count,static_upload_bytes,37112
before,monster,vulkan,0,count,static_upload_calls,200
