frame,domain,stage,value
0,cpu_ms,compile_renderer,3399.418600
0,cpu_ms,develop,3.233400
0,cpu_ms,develop_submit,3.208000
0,cpu_ms,develop_wait,0.000900
0,cpu_ms,frame_wall,5095.741600
0,cpu_ms,light_selection_record,0.368000
0,cpu_ms,preprocess_submit,1172.319400
0,cpu_ms,render_setup,0.113700
0,cpu_ms,render_submit,1.277800
0,cpu_ms,render_wait,100.899300
0,cpu_ms,render_wall,5092.503300
0,cpu_ms,scene_metadata,0.951300
0,cpu_ms,scene_registration,351.988500
0,cpu_ms,scene_update,4928.092100
0,cpu_ms,software_prepare,3402.453600
0,count,data_update_batches,2
0,count,data_update_blas_builds,359
0,count,data_update_bytes,516632872
0,count,data_update_copies,5599
0,count,data_update_tlas_builds,1
0,count,gpu_timestamps,0
0,count,instances,928
0,count,native_ray_query,1
1,cpu_ms,develop,2.721300
1,cpu_ms,develop_submit,2.693100
1,cpu_ms,develop_wait,0.001100
1,cpu_ms,frame_wall,437.491400
1,cpu_ms,light_selection_record,0.066800
1,cpu_ms,preprocess_submit,328.577300
1,cpu_ms,render_setup,0.141700
1,cpu_ms,render_submit,0.714300
1,cpu_ms,render_wait,97.699400
1,cpu_ms,render_wall,434.766200
1,cpu_ms,scene_metadata,0.002700
1,cpu_ms,scene_registration,4.038600
1,cpu_ms,scene_update,336.049200
1,cpu_ms,software_prepare,3.357800
1,count,data_update_batches,2
1,count,data_update_bytes,250876
1,count,data_update_copies,2346
1,count,gpu_timestamps,0
1,count,instances,928
1,count,native_ray_query,1
2,cpu_ms,develop,0.930000
2,cpu_ms,develop_submit,0.917800
2,cpu_ms,develop_wait,0.000600
2,cpu_ms,frame_wall,447.915200
2,cpu_ms,light_selection_record,0.057900
2,cpu_ms,preprocess_submit,339.683200
2,cpu_ms,render_setup,0.117100
2,cpu_ms,render_submit,0.695400
2,cpu_ms,render_wait,97.412800
2,cpu_ms,render_wall,446.983600
2,cpu_ms,scene_metadata,0.003300
2,cpu_ms,scene_registration,5.951900
2,cpu_ms,scene_update,348.694100
2,cpu_ms,software_prepare,2.991600
2,count,data_update_batches,2
2,count,data_update_bytes,250876
2,count,data_update_copies,2346
2,count,gpu_timestamps,0
2,count,instances,928
2,count,native_ray_query,1
3,cpu_ms,develop,3.476700
3,cpu_ms,develop_submit,3.438200
3,cpu_ms,develop_wait,0.002400
3,cpu_ms,frame_wall,439.557100
3,cpu_ms,light_selection_record,0.061900
3,cpu_ms,preprocess_submit,331.125500
3,cpu_ms,render_setup,0.121600
3,cpu_ms,render_submit,0.673700
3,cpu_ms,render_wait,98.584500
3,cpu_ms,render_wall,436.075100
3,cpu_ms,scene_metadata,0.001500
3,cpu_ms,scene_registration,2.308600
3,cpu_ms,scene_update,336.489900
3,cpu_ms,software_prepare,2.987100
3,count,data_update_batches,2
3,count,data_update_bytes,250876
3,count,data_update_copies,2346
3,count,gpu_timestamps,0
3,count,instances,928
3,count,native_ray_query,1
4,cpu_ms,develop,1.628300
4,cpu_ms,develop_submit,1.609000
4,cpu_ms,develop_wait,0.001100
4,cpu_ms,frame_wall,431.769100
4,cpu_ms,light_selection_record,0.057500
4,cpu_ms,preprocess_submit,319.524500
4,cpu_ms,render_setup,0.109000
4,cpu_ms,render_submit,0.686200
4,cpu_ms,render_wait,97.462100
4,cpu_ms,render_wall,430.138000
4,cpu_ms,scene_metadata,0.007600
4,cpu_ms,scene_registration,7.899200
4,cpu_ms,scene_update,331.767600
4,cpu_ms,software_prepare,4.271700
4,count,data_update_batches,2
4,count,data_update_bytes,250876
4,count,data_update_copies,2346
4,count,gpu_timestamps,0
4,count,instances,928
4,count,native_ray_query,1
5,cpu_ms,develop,3.779500
5,cpu_ms,develop_submit,3.747800
5,cpu_ms,develop_wait,0.001000
5,cpu_ms,frame_wall,451.326700
5,cpu_ms,light_selection_record,0.057500
5,cpu_ms,preprocess_submit,337.339300
5,cpu_ms,render_setup,0.133800
5,cpu_ms,render_submit,0.742100
5,cpu_ms,render_wait,103.011900
5,cpu_ms,render_wall,447.542300
5,cpu_ms,scene_metadata,0.001700
5,cpu_ms,scene_registration,3.206200
5,cpu_ms,scene_update,343.448600
5,cpu_ms,software_prepare,2.839300
5,count,data_update_batches,2
5,count,data_update_bytes,250876
5,count,data_update_copies,2346
5,count,gpu_timestamps,0
5,count,instances,928
5,count,native_ray_query,1
