scene,backend,frame,domain,stage,value
classroom,d3d12,0,cpu_ms,compile_renderer,4453.682500
classroom,d3d12,0,cpu_ms,develop,2.080000
classroom,d3d12,0,cpu_ms,develop_submit,2.060000
classroom,d3d12,0,cpu_ms,develop_wait,0.001100
classroom,d3d12,0,cpu_ms,frame_wall,6224.604500
classroom,d3d12,0,cpu_ms,light_selection_record,0.453900
classroom,d3d12,0,cpu_ms,preprocess_submit,181.269900
classroom,d3d12,0,cpu_ms,render_setup,0.127900
classroom,d3d12,0,cpu_ms,render_submit,21.760500
classroom,d3d12,0,cpu_ms,render_wait,311.955300
classroom,d3d12,0,cpu_ms,render_wall,6222.520600
classroom,d3d12,0,cpu_ms,scene_metadata,1.719000
classroom,d3d12,0,cpu_ms,scene_registration,493.060000
classroom,d3d12,0,cpu_ms,scene_update,5826.910300
classroom,d3d12,0,cpu_ms,software_prepare,5150.383500
classroom,d3d12,0,count,data_update_batches,3
classroom,d3d12,0,count,data_update_bytes,516516024
classroom,d3d12,0,count,data_update_copies,2356
classroom,d3d12,0,count,gpu_timestamps,0
classroom,d3d12,0,count,instances,928
classroom,d3d12,0,count,native_ray_query,1
classroom,d3d12,1,cpu_ms,develop,1.031400
classroom,d3d12,1,cpu_ms,develop_submit,0.923300
classroom,d3d12,1,cpu_ms,develop_wait,0.000800
classroom,d3d12,1,cpu_ms,frame_wall,138.971000
classroom,d3d12,1,cpu_ms,light_selection_record,0.072300
classroom,d3d12,1,cpu_ms,preprocess_submit,5.407700
classroom,d3d12,1,cpu_ms,render_setup,0.112100
classroom,d3d12,1,cpu_ms,render_submit,6.749300
classroom,d3d12,1,cpu_ms,render_wait,117.195700
classroom,d3d12,1,cpu_ms,render_wall,137.933600
classroom,d3d12,1,cpu_ms,scene_metadata,0.025500
classroom,d3d12,1,cpu_ms,scene_registration,4.348900
classroom,d3d12,1,cpu_ms,scene_update,13.675500
classroom,d3d12,1,cpu_ms,software_prepare,3.815500
classroom,d3d12,1,count,data_update_batches,1
classroom,d3d12,1,count,data_update_bytes,32
classroom,d3d12,1,count,data_update_copies,1
classroom,d3d12,1,count,gpu_timestamps,0
classroom,d3d12,1,count,instances,928
classroom,d3d12,1,count,native_ray_query,1
junkshop,d3d12,0,cpu_ms,compile_renderer,3657.030500
junkshop,d3d12,0,cpu_ms,develop,2.079900
junkshop,d3d12,0,cpu_ms,develop_submit,1.886700
junkshop,d3d12,0,cpu_ms,develop_wait,0.165500
junkshop,d3d12,0,cpu_ms,frame_wall,5269.980600
junkshop,d3d12,0,cpu_ms,light_selection_record,0.271100
junkshop,d3d12,0,cpu_ms,preprocess_submit,233.307900
junkshop,d3d12,0,cpu_ms,render_setup,0.029700
junkshop,d3d12,0,cpu_ms,render_submit,2.899800
junkshop,d3d12,0,cpu_ms,render_wait,224.024300
junkshop,d3d12,0,cpu_ms,render_wall,5267.896900
junkshop,d3d12,0,cpu_ms,scene_metadata,0.936800
junkshop,d3d12,0,cpu_ms,scene_registration,138.585500
junkshop,d3d12,0,cpu_ms,scene_update,4977.656400
junkshop,d3d12,0,cpu_ms,software_prepare,4604.544600
junkshop,d3d12,0,count,data_update_batches,3
junkshop,d3d12,0,count,data_update_bytes,3562113020
junkshop,d3d12,0,count,data_update_copies,347
junkshop,d3d12,0,count,gpu_timestamps,0
junkshop,d3d12,0,count,instances,48
junkshop,d3d12,0,count,native_ray_query,1
junkshop,d3d12,1,cpu_ms,develop,0.265100
junkshop,d3d12,1,cpu_ms,develop_submit,0.149200
junkshop,d3d12,1,cpu_ms,develop_wait,0.103100
junkshop,d3d12,1,cpu_ms,frame_wall,138.146900
junkshop,d3d12,1,cpu_ms,light_selection_record,0.040000
junkshop,d3d12,1,cpu_ms,preprocess_submit,2.828700
junkshop,d3d12,1,cpu_ms,render_setup,0.043100
junkshop,d3d12,1,cpu_ms,render_submit,1.515400
junkshop,d3d12,1,cpu_ms,render_wait,125.883000
junkshop,d3d12,1,cpu_ms,render_wall,137.879900
junkshop,d3d12,1,cpu_ms,scene_metadata,0.007100
junkshop,d3d12,1,cpu_ms,scene_registration,0.669000
junkshop,d3d12,1,cpu_ms,scene_update,10.399700
junkshop,d3d12,1,cpu_ms,software_prepare,6.845400
junkshop,d3d12,1,count,data_update_batches,1
junkshop,d3d12,1,count,data_update_bytes,32
junkshop,d3d12,1,count,data_update_copies,1
junkshop,d3d12,1,count,gpu_timestamps,0
junkshop,d3d12,1,count,instances,48
junkshop,d3d12,1,count,native_ray_query,1
monster,d3d12,0,cpu_ms,compile_renderer,2895.707600
monster,d3d12,0,cpu_ms,develop,1.554400
monster,d3d12,0,cpu_ms,develop_submit,1.536700
monster,d3d12,0,cpu_ms,develop_wait,0.001000
monster,d3d12,0,cpu_ms,frame_wall,3345.621100
monster,d3d12,0,cpu_ms,light_selection_record,0.248200
monster,d3d12,0,cpu_ms,preprocess_submit,61.050400
monster,d3d12,0,cpu_ms,render_setup,0.027100
monster,d3d12,0,cpu_ms,render_submit,0.552200
monster,d3d12,0,cpu_ms,render_wait,54.223300
monster,d3d12,0,cpu_ms,render_wall,3344.064300
monster,d3d12,0,cpu_ms,scene_metadata,0.876800
monster,d3d12,0,cpu_ms,scene_registration,90.813700
monster,d3d12,0,cpu_ms,scene_update,3229.162200
monster,d3d12,0,cpu_ms,software_prepare,3076.163100
monster,d3d12,0,count,data_update_batches,3
monster,d3d12,0,count,data_update_bytes,522076680
monster,d3d12,0,count,data_update_copies,201
monster,d3d12,0,count,gpu_timestamps,0
monster,d3d12,0,count,instances,49
monster,d3d12,0,count,native_ray_query,1
monster,d3d12,1,cpu_ms,develop,0.275600
monster,d3d12,1,cpu_ms,develop_submit,0.182000
monster,d3d12,1,cpu_ms,develop_wait,0.079500
monster,d3d12,1,cpu_ms,frame_wall,63.724300
monster,d3d12,1,cpu_ms,light_selection_record,0.013100
monster,d3d12,1,cpu_ms,preprocess_submit,1.262800
monster,d3d12,1,cpu_ms,render_setup,0.019400
monster,d3d12,1,cpu_ms,render_submit,0.464200
monster,d3d12,1,cpu_ms,render_wait,59.535000
monster,d3d12,1,cpu_ms,render_wall,63.446900
monster,d3d12,1,cpu_ms,scene_metadata,0.003400
monster,d3d12,1,cpu_ms,scene_registration,0.245200
monster,d3d12,1,cpu_ms,scene_update,3.387200
monster,d3d12,1,cpu_ms,software_prepare,1.859100
monster,d3d12,1,count,data_update_batches,1
monster,d3d12,1,count,data_update_bytes,32
monster,d3d12,1,count,data_update_copies,1
monster,d3d12,1,count,gpu_timestamps,0
monster,d3d12,1,count,instances,49
monster,d3d12,1,count,native_ray_query,1
classroom,vulkan,0,cpu_ms,compile_renderer,5485.437500
classroom,vulkan,0,cpu_ms,develop,1.275500
classroom,vulkan,0,cpu_ms,develop_submit,1.239800
classroom,vulkan,0,cpu_ms,develop_wait,0.013200
classroom,vulkan,0,cpu_ms,frame_wall,6194.199100
classroom,vulkan,0,cpu_ms,light_selection_record,0.100700
classroom,vulkan,0,cpu_ms,preprocess_submit,70.529100
classroom,vulkan,0,cpu_ms,render_setup,0.115400
classroom,vulkan,0,cpu_ms,render_submit,306.503300
classroom,vulkan,0,cpu_ms,render_wait,0.021600
classroom,vulkan,0,cpu_ms,render_wall,6192.920100
classroom,vulkan,0,cpu_ms,scene_metadata,0.247300
classroom,vulkan,0,cpu_ms,scene_registration,107.104700
classroom,vulkan,0,cpu_ms,scene_update,5833.767200
classroom,vulkan,0,cpu_ms,software_prepare,5655.775200
classroom,vulkan,0,count,data_update_batches,3
classroom,vulkan,0,count,data_update_bytes,516516024
classroom,vulkan,0,count,data_update_copies,2356
classroom,vulkan,0,count,gpu_timestamps,0
classroom,vulkan,0,count,instances,928
classroom,vulkan,0,count,native_ray_query,1
classroom,vulkan,1,cpu_ms,develop,1.056000
classroom,vulkan,1,cpu_ms,develop_submit,1.019000
classroom,vulkan,1,cpu_ms,develop_wait,0.013000
classroom,vulkan,1,cpu_ms,frame_wall,202.072100
classroom,vulkan,1,cpu_ms,light_selection_record,0.116300
classroom,vulkan,1,cpu_ms,preprocess_submit,15.173500
classroom,vulkan,1,cpu_ms,render_setup,0.544400
classroom,vulkan,1,cpu_ms,render_submit,169.070300
classroom,vulkan,1,cpu_ms,render_wait,0.022900
classroom,vulkan,1,cpu_ms,render_wall,201.012000
classroom,vulkan,1,cpu_ms,scene_metadata,0.019500
classroom,vulkan,1,cpu_ms,scene_registration,8.625700
classroom,vulkan,1,cpu_ms,scene_update,30.683800
classroom,vulkan,1,cpu_ms,software_prepare,6.736800
classroom,vulkan,1,count,data_update_batches,1
classroom,vulkan,1,count,data_update_bytes,32
classroom,vulkan,1,count,data_update_copies,1
classroom,vulkan,1,count,gpu_timestamps,0
classroom,vulkan,1,count,instances,928
classroom,vulkan,1,count,native_ray_query,1
junkshop,vulkan,0,cpu_ms,compile_renderer,4322.409400
junkshop,vulkan,0,cpu_ms,develop,0.517500
junkshop,vulkan,0,cpu_ms,develop_submit,0.490600
junkshop,vulkan,0,cpu_ms,develop_wait,0.010400
junkshop,vulkan,0,cpu_ms,frame_wall,5622.005600
junkshop,vulkan,0,cpu_ms,light_selection_record,0.065100
junkshop,vulkan,0,cpu_ms,preprocess_submit,271.519400
junkshop,vulkan,0,cpu_ms,render_setup,0.031100
junkshop,vulkan,0,cpu_ms,render_submit,229.657900
junkshop,vulkan,0,cpu_ms,render_wait,0.019700
junkshop,vulkan,0,cpu_ms,render_wall,5621.485400
junkshop,vulkan,0,cpu_ms,scene_metadata,0.352500
junkshop,vulkan,0,cpu_ms,scene_registration,112.286200
junkshop,vulkan,0,cpu_ms,scene_update,5330.190700
junkshop,vulkan,0,cpu_ms,software_prepare,4945.956600
junkshop,vulkan,0,count,data_update_batches,3
junkshop,vulkan,0,count,data_update_bytes,3562113020
junkshop,vulkan,0,count,data_update_copies,347
junkshop,vulkan,0,count,gpu_timestamps,0
junkshop,vulkan,0,count,instances,48
junkshop,vulkan,0,count,native_ray_query,1
junkshop,vulkan,1,cpu_ms,develop,0.633100
junkshop,vulkan,1,cpu_ms,develop_submit,0.610800
junkshop,vulkan,1,cpu_ms,develop_wait,0.007700
junkshop,vulkan,1,cpu_ms,frame_wall,115.361900
junkshop,vulkan,1,cpu_ms,light_selection_record,0.029900
junkshop,vulkan,1,cpu_ms,preprocess_submit,1.876900
junkshop,vulkan,1,cpu_ms,render_setup,0.042700
junkshop,vulkan,1,cpu_ms,render_submit,103.575600
junkshop,vulkan,1,cpu_ms,render_wait,5.776900
junkshop,vulkan,1,cpu_ms,render_wall,114.726100
junkshop,vulkan,1,cpu_ms,scene_metadata,0.002300
junkshop,vulkan,1,cpu_ms,scene_registration,0.560800
junkshop,vulkan,1,cpu_ms,scene_update,5.133500
junkshop,vulkan,1,cpu_ms,software_prepare,2.659500
junkshop,vulkan,1,count,data_update_batches,1
junkshop,vulkan,1,count,data_update_bytes,32
junkshop,vulkan,1,count,data_update_copies,1
junkshop,vulkan,1,count,gpu_timestamps,0
junkshop,vulkan,1,count,instances,48
junkshop,vulkan,1,count,native_ray_query,1
monster,vulkan,0,cpu_ms,compile_renderer,3692.222000
monster,vulkan,0,cpu_ms,develop,0.296400
monster,vulkan,0,cpu_ms,develop_submit,0.280400
monster,vulkan,0,cpu_ms,develop_wait,0.004500
monster,vulkan,0,cpu_ms,frame_wall,4267.642800
monster,vulkan,0,cpu_ms,light_selection_record,0.026800
monster,vulkan,0,cpu_ms,preprocess_submit,46.898500
monster,vulkan,0,cpu_ms,render_setup,0.024200
monster,vulkan,0,cpu_ms,render_submit,272.196200
monster,vulkan,0,cpu_ms,render_wait,0.011000
monster,vulkan,0,cpu_ms,render_wall,4267.344900
monster,vulkan,0,cpu_ms,scene_metadata,0.180300
monster,vulkan,0,cpu_ms,scene_registration,76.263800
monster,vulkan,0,cpu_ms,scene_update,3922.168200
monster,vulkan,0,cpu_ms,software_prepare,3798.791800
monster,vulkan,0,count,data_update_batches,3
monster,vulkan,0,count,data_update_bytes,522076680
monster,vulkan,0,count,data_update_copies,201
monster,vulkan,0,count,gpu_timestamps,0
monster,vulkan,0,count,instances,49
monster,vulkan,0,count,native_ray_query,1
monster,vulkan,1,cpu_ms,develop,0.203100
monster,vulkan,1,cpu_ms,develop_submit,0.187700
monster,vulkan,1,cpu_ms,develop_wait,0.004700
monster,vulkan,1,cpu_ms,frame_wall,83.516300
monster,vulkan,1,cpu_ms,light_selection_record,0.032300
monster,vulkan,1,cpu_ms,preprocess_submit,1.222400
monster,vulkan,1,cpu_ms,render_setup,0.020200
monster,vulkan,1,cpu_ms,render_submit,78.362800
monster,vulkan,1,cpu_ms,render_wait,0.010300
monster,vulkan,1,cpu_ms,render_wall,83.311800
monster,vulkan,1,cpu_ms,scene_metadata,0.002000
monster,vulkan,1,cpu_ms,scene_registration,0.276400
monster,vulkan,1,cpu_ms,scene_update,4.817100
monster,vulkan,1,cpu_ms,software_prepare,3.280800
monster,vulkan,1,count,data_update_batches,1
monster,vulkan,1,count,data_update_bytes,32
monster,vulkan,1,count,data_update_copies,1
monster,vulkan,1,count,gpu_timestamps,0
monster,vulkan,1,count,instances,49
monster,vulkan,1,count,native_ray_query,1
