phase,scene,backend,frame,frame_ms,scene_update_ms,scene_registration_ms,software_prepare_ms,render_wait_ms,static_upload_calls,static_upload_bytes
before,classroom,d3d12,10,307.367800,186.768600,142.780000,39.945800,112.822000,,
before,classroom,d3d12,11,313.625800,192.345100,148.372900,39.731200,113.365100,,
before,classroom,d3d12,12,311.389500,194.552600,149.987700,40.508700,108.503100,,
before,classroom,d3d12,13,316.810300,198.818800,152.850200,41.252400,110.149700,,
before,classroom,d3d12,14,313.346700,193.265300,147.919000,41.261900,111.966200,,
before,classroom,d3d12,15,309.821600,191.971000,147.011900,40.443200,109.995100,,
before,classroom,d3d12,16,312.595900,194.137900,148.292800,41.165300,110.306400,,
before,classroom,d3d12,17,315.716100,198.517600,154.306700,40.100400,109.399400,,
before,classroom,d3d12,18,312.074800,190.533700,146.202700,39.975300,113.676200,,
before,classroom,d3d12,19,309.379200,189.968800,145.255900,40.213000,111.549500,,
before,classroom,d3d12,20,311.043600,193.513300,149.238300,39.829800,109.489700,,
before,classroom,d3d12,21,310.061900,194.554500,150.244400,39.504200,107.057800,,
before,classroom,d3d12,22,315.809200,197.059100,152.684200,40.180200,110.277300,,
before,classroom,d3d12,23,318.243400,195.942300,151.262700,40.118600,114.356400,,
before,classroom,d3d12,24,319.208200,199.476000,155.059800,40.260500,111.018000,,
before,classroom,d3d12,25,312.054000,192.746200,148.752000,39.970700,110.774700,,
before,classroom,d3d12,26,332.715200,215.970500,171.323400,40.255600,108.606500,,
before,classroom,d3d12,27,312.079800,190.683000,145.928300,39.932700,112.152900,,
before,classroom,d3d12,28,314.823000,193.144000,148.184900,40.844000,113.979000,,
before,classroom,d3d12,29,308.374700,188.497800,144.373500,39.949800,112.299900,,
before,classroom,d3d12,30,318.806500,195.517000,151.352700,40.064500,115.225600,,
before,classroom,d3d12,31,314.040000,193.750900,149.077200,40.190800,111.106200,,
before,classroom,d3d12,32,320.297500,200.800100,155.871000,40.370800,109.111900,,
before,classroom,d3d12,33,316.817300,199.281600,154.854500,39.668600,108.976600,,
before,classroom,d3d12,34,313.670400,197.664300,151.523000,41.977700,108.007400,,
before,classroom,d3d12,35,312.019600,188.766000,143.363400,40.816200,115.563700,,
before,classroom,d3d12,36,350.429000,210.179400,165.616900,40.258200,132.151800,,
before,classroom,d3d12,37,330.894100,198.834500,154.241600,40.034600,124.017400,,
before,classroom,d3d12,38,316.966700,194.784900,149.064600,40.487200,114.435800,,
before,classroom,d3d12,39,305.800500,189.799400,144.836600,40.756200,107.976300,,
before,classroom,d3d12,40,315.604100,195.663000,151.075100,40.006000,110.196000,,
before,classroom,d3d12,41,310.218200,193.367400,148.756600,40.226500,108.992100,,
before,classroom,d3d12,42,307.010700,187.386700,143.228600,39.990200,110.911600,,
before,classroom,d3d12,43,313.106400,194.815600,149.852900,40.802900,110.183000,,
before,classroom,d3d12,44,306.890900,190.934000,146.467400,40.399400,108.000400,,
before,classroom,d3d12,45,314.042300,198.367800,154.942500,39.264100,106.773800,,
before,classroom,d3d12,46,312.341200,192.339900,146.587000,41.759600,111.924800,,
before,classroom,d3d12,47,310.198800,190.943700,146.518800,40.205300,109.421200,,
before,classroom,d3d12,48,317.236700,200.799400,155.442000,40.792900,105.862900,,
before,classroom,d3d12,49,311.754300,195.010500,150.677800,40.153100,109.209800,,
before,classroom,d3d12,50,300.328400,188.250200,144.519100,39.528500,103.863600,,
before,classroom,d3d12,51,303.969900,187.455900,142.656500,40.723000,108.439000,,
before,classroom,d3d12,52,312.579400,194.389400,146.057700,43.158600,109.357200,,
before,classroom,d3d12,53,312.490100,194.637100,148.244000,42.056200,108.427300,,
before,classroom,d3d12,54,316.925500,195.047000,150.278800,40.779200,114.150700,,
before,classroom,d3d12,55,313.743800,192.069700,147.071000,40.619500,113.603700,,
before,classroom,d3d12,56,314.771400,197.262800,151.976900,40.575000,109.737900,,
before,classroom,d3d12,57,318.373200,195.968100,151.254700,40.129500,113.314100,,
before,classroom,d3d12,58,310.865200,194.866700,149.707300,40.901400,107.325700,,
before,classroom,d3d12,59,309.039500,191.099000,146.826900,40.159500,109.451800,,
before,classroom,vulkan,10,430.019500,238.224900,182.998800,40.614100,0.024600,2345,250720
before,classroom,vulkan,11,391.562800,224.694700,171.389400,40.829600,0.031800,2345,250720
before,classroom,vulkan,12,379.311100,210.358800,155.569500,42.152600,0.037700,2345,250720
before,classroom,vulkan,13,392.033200,224.179500,170.629600,40.745800,0.018700,2345,250720
before,classroom,vulkan,14,378.852200,210.735900,157.482600,40.838400,0.011300,2345,250720
before,classroom,vulkan,15,368.214000,205.233300,150.278000,41.770900,0.022600,2345,250720
before,classroom,vulkan,16,376.979100,210.244300,156.716300,40.798400,0.019200,2345,250720
before,classroom,vulkan,17,376.731000,207.938800,154.103900,40.388000,0.038500,2345,250720
before,classroom,vulkan,18,374.194400,213.597300,160.542900,40.157400,0.010000,2345,250720
before,classroom,vulkan,19,382.144800,211.205100,156.752500,41.599300,0.040400,2345,250720
before,classroom,vulkan,20,386.551300,212.384100,159.361200,40.130500,0.018200,2345,250720
before,classroom,vulkan,21,373.042700,218.319000,164.555100,40.925000,0.019800,2345,250720
before,classroom,vulkan,22,377.639600,216.070500,162.069200,40.656500,0.025400,2345,250720
before,classroom,vulkan,23,379.495400,218.393500,165.247800,40.846400,0.021700,2345,250720
before,classroom,vulkan,24,380.133500,209.397500,155.056100,40.232900,0.029500,2345,250720
before,classroom,vulkan,25,382.577400,211.622400,157.827100,40.705100,0.024900,2345,250720
before,classroom,vulkan,26,393.062100,221.027600,165.865700,41.268200,0.037900,2345,250720
before,classroom,vulkan,27,383.954800,216.849400,163.793700,40.079400,0.023900,2345,250720
before,classroom,vulkan,28,377.164100,212.220900,159.589600,40.335100,0.024300,2345,250720
before,classroom,vulkan,29,388.877800,214.448900,161.933100,39.765600,0.010500,2345,250720
before,classroom,vulkan,30,377.887200,209.393600,154.995900,40.522700,0.011800,2345,250720
before,classroom,vulkan,31,378.188300,209.181100,155.549200,40.411000,0.031500,2345,250720
before,classroom,vulkan,32,384.104400,215.147000,161.803800,40.697700,0.038400,2345,250720
before,classroom,vulkan,33,383.407900,219.646700,166.235600,40.890700,0.023100,2345,250720
before,classroom,vulkan,34,374.419500,212.427600,158.943800,40.500000,0.036700,2345,250720
before,classroom,vulkan,35,379.681200,217.474900,162.505900,41.362900,0.036700,2345,250720
before,classroom,vulkan,36,370.787400,209.694900,155.648700,39.967200,0.012200,2345,250720
before,classroom,vulkan,37,372.155700,209.863900,155.263400,41.209800,0.028600,2345,250720
before,classroom,vulkan,38,373.198600,210.745700,156.256600,41.036500,0.038100,2345,250720
before,classroom,vulkan,39,375.442600,211.906100,157.555700,40.899600,0.038200,2345,250720
before,classroom,vulkan,40,381.844700,214.601600,161.575900,39.538100,0.121000,2345,250720
before,classroom,vulkan,41,380.059000,210.424100,157.469300,40.090200,0.026700,2345,250720
before,classroom,vulkan,42,383.578700,211.426400,158.373400,39.623800,0.029000,2345,250720
before,classroom,vulkan,43,379.527000,212.765000,159.376600,40.122900,0.014800,2345,250720
before,classroom,vulkan,44,376.189800,212.346300,158.029600,41.138300,0.010800,2345,250720
before,classroom,vulkan,45,373.609400,214.470500,160.842400,40.819400,0.050300,2345,250720
before,classroom,vulkan,46,376.711600,211.453200,158.071200,40.470200,0.034200,2345,250720
before,classroom,vulkan,47,383.803600,212.454300,159.675400,40.278000,0.025900,2345,250720
before,classroom,vulkan,48,366.693600,204.680100,151.609500,40.106400,0.011700,2345,250720
before,classroom,vulkan,49,369.895800,206.066900,151.883100,41.665100,0.024800,2345,250720
before,classroom,vulkan,50,376.729900,206.161200,153.336700,40.082300,0.034700,2345,250720
before,classroom,vulkan,51,386.176100,215.165900,161.803700,40.498400,0.048700,2345,250720
before,classroom,vulkan,52,386.222500,220.265100,166.665400,40.783100,0.023900,2345,250720
before,classroom,vulkan,53,373.544100,210.767600,157.716400,40.246800,0.033200,2345,250720
before,classroom,vulkan,54,389.309000,223.283000,169.706300,41.081200,0.010400,2345,250720
before,classroom,vulkan,55,364.224400,204.637500,151.787500,40.411800,0.024600,2345,250720
before,classroom,vulkan,56,377.220300,211.231900,158.497200,40.448700,0.010200,2345,250720
before,classroom,vulkan,57,375.625800,203.186000,150.015800,39.916000,0.031300,2345,250720
before,classroom,vulkan,58,385.270500,213.602300,160.878400,40.227600,0.037400,2345,250720
before,classroom,vulkan,59,386.802000,218.058900,165.676200,39.617500,0.075700,2345,250720
before,junkshop,d3d12,10,69.068200,14.770800,12.663400,1.575000,51.390800,,
before,junkshop,d3d12,11,68.438100,13.141900,10.729800,1.832500,53.359300,,
before,junkshop,d3d12,12,64.391400,12.490000,10.119900,1.835700,50.377100,,
before,junkshop,d3d12,13,72.814900,14.362400,11.975000,1.829300,56.732300,,
before,junkshop,d3d12,14,70.480700,16.621200,14.259700,1.775800,51.425800,,
before,junkshop,d3d12,15,74.394500,14.588800,12.392900,1.598900,58.097400,,
before,junkshop,d3d12,16,65.897800,10.792200,8.602500,1.678000,53.074700,,
before,junkshop,d3d12,17,69.431300,11.373300,9.284400,1.565900,56.076600,,
before,junkshop,d3d12,18,67.956900,15.232800,13.134000,1.582300,50.756100,,
before,junkshop,d3d12,19,69.269600,13.227700,11.092000,1.591100,54.347800,,
before,junkshop,d3d12,20,66.827500,9.395900,7.266100,1.557700,55.814400,,
before,junkshop,d3d12,21,70.520600,10.571600,8.378500,1.641400,58.059900,,
before,junkshop,d3d12,22,63.093800,8.933800,6.791400,1.636800,52.637600,,
before,junkshop,d3d12,23,64.990800,10.709500,8.361900,1.602200,52.660500,,
before,junkshop,d3d12,24,72.766900,11.969700,9.900400,1.538400,59.154900,,
before,junkshop,d3d12,25,68.089900,11.678700,9.438400,1.703300,54.822100,,
before,junkshop,d3d12,26,70.078400,11.023000,8.888800,1.562400,57.109900,,
before,junkshop,d3d12,27,68.518900,11.693000,9.317400,1.783900,55.090600,,
before,junkshop,d3d12,28,70.971600,12.448800,10.015600,1.579700,56.998800,,
before,junkshop,d3d12,29,70.121600,11.894100,9.831300,1.567300,56.446500,,
before,junkshop,d3d12,30,67.582500,9.729300,7.573500,1.654000,55.710000,,
before,junkshop,d3d12,31,70.164500,12.716500,10.609800,1.585500,55.477000,,
before,junkshop,d3d12,32,68.596800,12.747500,10.062700,1.744500,54.157800,,
before,junkshop,d3d12,33,64.615800,14.546800,12.113000,1.573300,48.130100,,
before,junkshop,d3d12,34,68.036800,10.784400,8.657700,1.612700,55.530000,,
before,junkshop,d3d12,35,64.372000,12.393900,10.041300,1.823800,50.627300,,
before,junkshop,d3d12,36,63.513600,11.482000,9.339800,1.611300,50.642700,,
before,junkshop,d3d12,37,66.094100,10.292900,8.219700,1.568300,53.119500,,
before,junkshop,d3d12,38,64.824100,14.592500,12.246700,1.762800,48.637500,,
before,junkshop,d3d12,39,70.111000,13.259900,10.693200,2.036600,54.622700,,
before,junkshop,d3d12,40,76.589800,15.044100,13.026800,1.520000,59.864000,,
before,junkshop,d3d12,41,70.505800,12.292600,10.109500,1.669100,56.224100,,
before,junkshop,d3d12,42,64.177200,13.263200,10.785400,1.886800,49.149300,,
before,junkshop,d3d12,43,76.818200,12.836600,10.415400,1.825800,62.052100,,
before,junkshop,d3d12,44,71.363900,13.834500,10.750600,2.442700,55.983700,,
before,junkshop,d3d12,45,67.591000,10.479300,8.300500,1.617000,55.343500,,
before,junkshop,d3d12,46,73.418300,14.018400,11.860900,1.645800,57.765900,,
before,junkshop,d3d12,47,67.999200,14.101100,10.711700,2.798400,52.123900,,
before,junkshop,d3d12,48,63.243100,11.235400,9.181400,1.544800,49.913100,,
before,junkshop,d3d12,49,66.906100,11.777100,9.695400,1.570300,53.247300,,
before,junkshop,d3d12,50,67.576700,14.743300,12.524800,1.587100,50.491800,,
before,junkshop,d3d12,51,72.803000,13.663500,11.560100,1.570500,57.038600,,
before,junkshop,d3d12,52,64.030400,12.915800,10.666600,1.719200,49.027000,,
before,junkshop,d3d12,53,71.600800,12.026400,9.900300,1.571700,56.753000,,
before,junkshop,d3d12,54,65.647900,13.274900,11.248500,1.533000,50.231100,,
before,junkshop,d3d12,55,71.094700,12.039700,9.944800,1.585900,57.621800,,
before,junkshop,d3d12,56,81.696900,12.640100,9.288700,2.701000,67.553800,,
before,junkshop,d3d12,57,69.997800,8.877000,6.826000,1.544800,59.297100,,
before,junkshop,d3d12,58,68.681800,15.094700,12.813000,1.732500,51.688300,,
before,junkshop,d3d12,59,66.804900,12.945200,10.828900,1.594800,52.550000,,
before,junkshop,vulkan,10,96.517600,15.835700,12.812900,1.554200,0.026300,123,11308
before,junkshop,vulkan,11,86.826400,18.156000,14.769400,1.894300,0.010600,123,11308
before,junkshop,vulkan,12,87.534100,14.554900,10.955000,1.890600,0.015300,123,11308
before,junkshop,vulkan,13,90.979300,13.681900,10.440000,1.731400,0.025100,123,11308
before,junkshop,vulkan,14,90.699600,16.586200,13.054500,2.061200,0.028800,123,11308
before,junkshop,vulkan,15,82.444500,15.776100,12.052900,2.188800,0.037100,123,11308
before,junkshop,vulkan,16,86.214400,15.501800,12.211700,1.528300,0.025400,123,11308
before,junkshop,vulkan,17,83.757200,15.705200,12.601900,1.624600,0.042200,123,11308
before,junkshop,vulkan,18,85.193200,11.994700,8.501800,1.786900,0.010700,123,11308
before,junkshop,vulkan,19,81.893300,11.561400,8.518000,1.576700,0.021900,123,11308
before,junkshop,vulkan,20,86.506600,13.368700,10.335400,1.607800,0.026600,123,11308
before,junkshop,vulkan,21,91.004600,15.037500,12.019800,1.579700,0.036400,123,11308
before,junkshop,vulkan,22,88.919300,14.737200,11.437300,1.815200,0.020400,123,11308
before,junkshop,vulkan,23,90.816400,14.792100,11.626800,1.717000,0.035900,123,11308
before,junkshop,vulkan,24,83.221200,13.448200,10.301200,1.666800,0.047000,123,11308
before,junkshop,vulkan,25,93.765000,18.122400,14.847600,1.759700,0.009200,123,11308
before,junkshop,vulkan,26,84.249800,10.485700,7.420100,1.656300,0.029900,123,11308
before,junkshop,vulkan,27,83.423900,18.758400,15.013300,1.824000,0.045600,123,11308
before,junkshop,vulkan,28,93.467000,24.171000,19.889200,2.691600,0.027700,123,11308
before,junkshop,vulkan,29,80.550900,12.967300,9.907700,1.593300,0.015200,123,11308
before,junkshop,vulkan,30,84.072900,13.487800,10.345500,1.596000,0.031900,123,11308
before,junkshop,vulkan,31,89.843400,16.700000,13.686700,1.557100,0.023100,123,11308
before,junkshop,vulkan,32,82.956500,13.927600,10.687000,1.786100,0.027300,123,11308
before,junkshop,vulkan,33,82.747700,17.195600,12.777500,2.678800,0.033000,123,11308
before,junkshop,vulkan,34,99.620300,20.404600,15.539100,2.763900,0.022000,123,11308
before,junkshop,vulkan,35,78.689600,13.108300,10.002200,1.584000,0.028100,123,11308
before,junkshop,vulkan,36,86.616900,14.986400,11.982600,1.580900,0.025200,123,11308
before,junkshop,vulkan,37,99.616300,13.088600,10.075000,1.567100,0.030900,123,11308
before,junkshop,vulkan,38,86.043300,16.886400,12.837100,1.946400,0.016800,123,11308
before,junkshop,vulkan,39,84.305100,12.537700,9.526000,1.554700,0.023000,123,11308
before,junkshop,vulkan,40,88.910200,15.863800,12.203100,1.929900,0.020900,123,11308
before,junkshop,vulkan,41,88.282100,15.579300,12.460200,1.669900,0.032300,123,11308
before,junkshop,vulkan,42,88.735800,17.691800,14.606600,1.630100,0.049700,123,11308
before,junkshop,vulkan,43,91.040500,16.732500,13.359500,1.937000,0.038700,123,11308
before,junkshop,vulkan,44,95.258400,22.149700,17.719700,2.708400,0.033300,123,11308
before,junkshop,vulkan,45,85.482500,19.028600,14.544200,2.177700,0.030000,123,11308
before,junkshop,vulkan,46,86.313200,17.569500,13.285100,2.638400,0.033100,123,11308
before,junkshop,vulkan,47,84.493000,16.226600,12.792500,1.613600,0.021600,123,11308
before,junkshop,vulkan,48,85.930900,14.054400,10.969300,1.649400,0.010900,123,11308
before,junkshop,vulkan,49,86.405600,10.586900,7.511000,1.561400,0.030200,123,11308
before,junkshop,vulkan,50,101.038700,20.274200,16.151500,2.538100,0.011500,123,11308
before,junkshop,vulkan,51,86.038600,12.393500,9.458900,1.519500,0.031600,123,11308
before,junkshop,vulkan,52,101.733900,19.054900,14.281600,2.840000,0.038100,123,11308
before,junkshop,vulkan,53,87.413200,16.810500,13.699800,1.653100,0.023500,123,11308
before,junkshop,vulkan,54,85.016300,10.615500,7.367700,1.704000,0.016300,123,11308
before,junkshop,vulkan,55,84.173200,12.523800,9.611300,1.505600,0.023600,123,11308
before,junkshop,vulkan,56,88.002800,15.404300,11.807500,2.036300,0.018800,123,11308
before,junkshop,vulkan,57,85.615700,14.798800,11.392900,1.627400,0.033800,123,11308
before,junkshop,vulkan,58,95.197100,21.343100,16.202700,2.893900,0.024800,123,11308
before,junkshop,vulkan,59,85.801800,17.036100,14.050200,1.541200,0.020000,123,11308
before,monster,d3d12,10,69.749300,14.589500,10.959100,2.923300,53.428600,,
before,monster,d3d12,11,59.156100,9.128800,6.224800,2.320200,48.900500,,
before,monster,d3d12,12,65.642700,8.086800,5.539100,2.061300,56.462200,,
before,monster,d3d12,13,59.485700,9.459000,6.108000,2.497500,48.754400,,
before,monster,d3d12,14,62.479400,10.885700,8.117300,2.156100,50.446200,,
before,monster,d3d12,15,62.810700,8.698900,5.913800,2.277600,52.695800,,
before,monster,d3d12,16,65.858100,13.055500,10.045900,2.166800,51.306600,,
before,monster,d3d12,17,70.883600,14.302600,10.929800,2.769200,54.787200,,
before,monster,d3d12,18,70.086500,17.661700,13.075300,3.473300,50.702800,,
before,monster,d3d12,19,67.441000,13.563900,9.005600,3.781400,52.493800,,
before,monster,d3d12,20,70.362400,11.194200,7.796100,2.433900,56.929400,,
before,monster,d3d12,21,63.899400,11.808000,8.865900,2.403200,51.007000,,
before,monster,d3d12,22,62.569300,8.729600,5.693100,2.511700,52.274900,,
before,monster,d3d12,23,65.324500,13.175400,10.033000,2.538800,50.378800,,
before,monster,d3d12,24,68.311100,10.973300,8.241500,2.040600,55.561000,,
before,monster,d3d12,25,68.267900,14.181800,11.570100,2.107800,51.994000,,
before,monster,d3d12,26,70.682700,16.067100,12.069000,3.277900,52.730600,,
before,monster,d3d12,27,66.719300,14.251300,11.241200,2.448500,50.505800,,
before,monster,d3d12,28,71.657600,14.761100,11.571700,2.567900,54.710600,,
before,monster,d3d12,29,65.879900,13.927500,10.728600,2.575000,50.350500,,
before,monster,d3d12,30,64.606800,11.367800,7.259600,3.445400,51.684900,,
before,monster,d3d12,31,66.652100,15.495100,11.958700,2.928300,49.646000,,
before,monster,d3d12,32,70.592900,15.459800,11.279400,3.482500,53.461200,,
before,monster,d3d12,33,63.754300,11.294300,8.183600,2.455100,50.914300,,
before,monster,d3d12,34,62.582100,10.925800,8.279200,2.154900,50.484700,,
before,monster,d3d12,35,62.420000,8.523800,5.681100,2.344800,52.618300,,
before,monster,d3d12,36,66.927900,10.470800,7.907200,2.059000,55.067000,,
before,monster,d3d12,37,66.885700,10.607400,7.887900,2.204800,55.049300,,
before,monster,d3d12,38,64.771000,11.720800,7.737300,2.591200,51.102600,,
before,monster,d3d12,39,64.717500,12.512600,9.278500,2.621600,50.716200,,
before,monster,d3d12,40,68.354000,16.714500,13.412800,2.654300,50.247200,,
before,monster,d3d12,41,63.644700,9.043600,5.884900,2.221200,53.171000,,
before,monster,d3d12,42,66.041100,12.635400,9.823000,2.266400,51.367200,,
before,monster,d3d12,43,69.125200,17.799800,13.944900,2.855500,50.137500,,
before,monster,d3d12,44,64.697400,9.718300,7.121100,2.044600,53.763800,,
before,monster,d3d12,45,62.583900,9.804900,6.927800,2.369500,50.599300,,
before,monster,d3d12,46,70.865100,15.383900,11.608200,3.030300,53.803800,,
before,monster,d3d12,47,71.510000,19.230400,14.244300,4.213700,50.211200,,
before,monster,d3d12,48,66.675400,14.156600,10.782200,2.812800,51.183000,,
before,monster,d3d12,49,64.744400,12.231200,9.096000,2.558400,50.694500,,
before,monster,d3d12,50,69.181700,15.464200,12.859200,2.111200,52.592300,,
before,monster,d3d12,51,61.311200,8.415400,5.820200,2.030200,51.063100,,
before,monster,d3d12,52,66.821500,15.451600,10.252600,4.237000,49.795400,,
before,monster,d3d12,53,67.902300,14.882500,11.958500,2.350300,51.340400,,
before,monster,d3d12,54,71.241100,12.854500,9.961200,2.370100,56.355000,,
before,monster,d3d12,55,65.606200,12.289500,9.412200,2.374600,51.771800,,
before,monster,d3d12,56,69.004500,14.659200,11.649300,2.426900,53.123500,,
before,monster,d3d12,57,62.768100,9.645700,6.575200,2.396200,51.299300,,
before,monster,d3d12,58,69.480200,15.912700,12.545200,2.765200,51.893600,,
before,monster,d3d12,59,69.008600,17.696300,14.534600,2.631700,49.955300,,
before,monster,vulkan,10,89.189800,13.431000,10.153700,2.005000,0.031300,104,10608
before,monster,vulkan,11,93.271600,16.343400,12.990100,2.124200,0.032600,104,10608
before,monster,vulkan,12,91.873800,16.921900,13.268700,2.247700,0.017700,104,10608
before,monster,vulkan,13,87.948500,12.536200,8.763500,2.494300,0.026000,104,10608
before,monster,vulkan,14,87.427400,14.217600,10.199900,2.720100,0.028400,104,10608
before,monster,vulkan,15,99.039400,19.012500,15.287900,2.494300,0.026000,104,10608
before,monster,vulkan,16,93.149700,15.581400,11.887100,2.380600,0.020800,104,10608
before,monster,vulkan,17,93.142100,14.547400,10.300000,2.530000,0.176800,104,10608
before,monster,vulkan,18,86.440000,11.432300,8.218900,2.018100,0.021900,104,10608
before,monster,vulkan,19,89.887900,13.279000,9.668600,2.343100,0.017300,104,10608
before,monster,vulkan,20,86.245800,12.261900,9.037900,2.037100,0.039500,104,10608
before,monster,vulkan,21,91.443000,16.106500,12.298900,2.163900,0.034500,104,10608
before,monster,vulkan,22,93.523800,15.600700,11.100800,3.135900,0.037900,104,10608
before,monster,vulkan,23,91.478300,18.522800,14.745000,2.267200,0.031200,104,10608
before,monster,vulkan,24,93.609900,16.918400,12.180700,3.300200,0.036400,104,10608
before,monster,vulkan,25,98.815900,17.017700,11.763700,3.864700,0.014400,104,10608
before,monster,vulkan,26,87.603000,12.485400,9.152000,2.086800,0.030400,104,10608
before,monster,vulkan,27,95.650300,17.319600,13.565300,2.503500,0.035900,104,10608
before,monster,vulkan,28,90.602500,14.780400,11.020700,2.454300,0.029000,104,10608
before,monster,vulkan,29,99.433800,19.494600,15.626800,2.599900,0.192900,104,10608
before,monster,vulkan,30,94.024300,13.719400,9.879200,2.563200,0.032200,104,10608
before,monster,vulkan,31,95.903500,17.137200,11.527500,4.227100,0.023900,104,10608
before,monster,vulkan,32,93.948700,12.168100,8.905000,2.031300,0.012100,104,10608
before,monster,vulkan,33,90.031200,10.835400,7.614000,1.999800,0.022500,104,10608
before,monster,vulkan,34,92.418400,15.431200,12.172100,2.062600,0.021200,104,10608
before,monster,vulkan,35,91.917600,13.620800,10.141500,2.232800,0.028700,104,10608
before,monster,vulkan,36,90.069800,15.041600,11.199300,2.526700,0.035900,104,10608
before,monster,vulkan,37,85.558100,11.439500,7.781900,2.407700,0.033600,104,10608
before,monster,vulkan,38,91.287200,14.290500,10.307800,2.660900,0.010100,104,10608
before,monster,vulkan,39,87.078000,9.406700,6.216300,1.965900,0.017600,104,10608
before,monster,vulkan,40,86.018200,14.395200,10.507500,2.544100,0.010700,104,10608
before,monster,vulkan,41,84.363900,10.907800,7.596800,1.979800,0.037400,104,10608
before,monster,vulkan,42,93.139600,20.211000,15.448600,3.423800,0.017400,104,10608
before,monster,vulkan,43,87.707800,14.765900,11.198500,2.325400,0.028500,104,10608
before,monster,vulkan,44,93.543900,20.699200,15.045900,3.674000,0.010100,104,10608
before,monster,vulkan,45,111.737600,12.991300,9.531600,2.176900,0.009900,104,10608
before,monster,vulkan,46,104.012300,15.752400,10.523300,3.252500,0.017600,104,10608
before,monster,vulkan,47,97.457800,11.458100,6.606000,3.081700,0.011500,104,10608
before,monster,vulkan,48,93.446600,10.604100,7.436500,1.974000,0.032100,104,10608
before,monster,vulkan,49,91.343200,14.809400,11.297700,2.308800,0.033100,104,10608
before,monster,vulkan,50,96.785700,18.120600,13.618400,2.766900,0.059000,104,10608
before,monster,vulkan,51,87.634200,13.015200,9.504800,2.234300,0.033600,104,10608
before,monster,vulkan,52,95.301100,19.559300,14.236500,3.726700,0.024900,104,10608
before,monster,vulkan,53,93.120500,16.546400,12.973700,2.089700,0.029600,104,10608
before,monster,vulkan,54,92.815000,15.597400,12.196600,2.121100,0.037100,104,10608
before,monster,vulkan,55,86.496900,12.527900,8.605200,2.645900,0.019800,104,10608
before,monster,vulkan,56,89.236300,13.228700,9.592500,2.430700,0.021500,104,10608
before,monster,vulkan,57,88.665600,12.169700,8.246800,2.661600,0.026200,104,10608
before,monster,vulkan,58,92.292700,16.357400,11.847300,3.140800,0.025400,104,10608
before,monster,vulkan,59,90.575700,15.720300,10.166800,4.225700,0.033000,104,10608
after,classroom,d3d12,10,134.031500,14.321600,5.008200,5.028500,111.830200,,
after,classroom,d3d12,11,132.977100,12.128300,4.212000,3.771800,112.527300,,
after,classroom,d3d12,12,132.689900,14.520800,5.605500,4.460600,110.440800,,
after,classroom,d3d12,13,133.461300,14.909100,4.412600,4.471600,110.024500,,
after,classroom,d3d12,14,134.021800,15.018900,6.610800,3.878300,111.012200,,
after,classroom,d3d12,15,132.640100,16.788400,5.759600,4.193900,107.239600,,
after,classroom,d3d12,16,127.110100,11.421400,3.929900,3.319900,106.771000,,
after,classroom,d3d12,17,134.320800,11.665100,3.813200,3.415000,114.990200,,
after,classroom,d3d12,18,134.867300,13.071300,4.920500,3.794500,113.235900,,
after,classroom,d3d12,19,137.055700,13.811400,6.145300,3.684600,115.337100,,
after,classroom,d3d12,20,128.354600,11.984700,4.439600,3.428900,108.465600,,
after,classroom,d3d12,21,133.893200,15.316000,5.173500,4.550900,109.404300,,
after,classroom,d3d12,22,134.716800,18.294100,7.068600,6.022100,108.334800,,
after,classroom,d3d12,23,140.359800,21.040000,10.695400,5.610300,111.164700,,
after,classroom,d3d12,24,133.678500,18.430000,8.062000,5.339600,107.065100,,
after,classroom,d3d12,25,125.415600,13.252200,4.693900,3.944100,103.692000,,
after,classroom,d3d12,26,127.473900,9.951000,2.467800,3.028200,109.206300,,
after,classroom,d3d12,27,128.286300,13.135800,4.464100,4.399000,107.389800,,
after,classroom,d3d12,28,132.210800,14.446200,5.908700,4.331100,109.764700,,
after,classroom,d3d12,29,129.115900,14.561900,4.799200,5.167400,106.766600,,
after,classroom,d3d12,30,137.687900,15.529000,5.628400,5.289600,113.579100,,
after,classroom,d3d12,31,132.607000,16.849100,6.232400,4.173100,107.891600,,
after,classroom,d3d12,32,131.900000,13.635300,5.257100,4.022900,109.838600,,
after,classroom,d3d12,33,132.805200,15.790100,7.039400,4.457400,109.255300,,
after,classroom,d3d12,34,135.103600,15.141500,5.176300,5.154200,111.633600,,
after,classroom,d3d12,35,132.291200,15.318900,6.356000,4.103000,109.041300,,
after,classroom,d3d12,36,130.793300,11.714100,2.562800,4.588700,110.310100,,
after,classroom,d3d12,37,135.898900,14.260800,4.972400,3.975700,112.307100,,
after,classroom,d3d12,38,138.132200,16.621000,5.663800,5.233200,112.210600,,
after,classroom,d3d12,39,136.325500,17.325400,7.095900,4.983300,110.446700,,
after,classroom,d3d12,40,133.213600,15.865500,6.452100,4.951800,109.258400,,
after,classroom,d3d12,41,137.849400,14.968000,5.867200,4.611700,114.852700,,
after,classroom,d3d12,42,128.973300,10.913900,3.577500,3.320000,110.080300,,
after,classroom,d3d12,43,137.474000,16.922600,6.880700,4.838800,112.484500,,
after,classroom,d3d12,44,130.189300,14.892900,5.824900,4.840800,107.211000,,
after,classroom,d3d12,45,134.183400,17.203700,7.837100,4.576800,108.850600,,
after,classroom,d3d12,46,132.331000,15.771300,7.379800,4.117400,108.577300,,
after,classroom,d3d12,47,129.118100,11.437400,3.959600,3.431800,109.053000,,
after,classroom,d3d12,48,130.043500,13.642400,5.273700,4.210200,108.664700,,
after,classroom,d3d12,49,131.759400,13.402900,5.385800,4.011700,110.467700,,
after,classroom,d3d12,50,133.344100,16.139300,4.256500,5.658600,108.058300,,
after,classroom,d3d12,51,132.636200,15.011800,6.335900,4.239800,109.579200,,
after,classroom,d3d12,52,133.410400,18.089900,8.323200,5.199100,106.717200,,
after,classroom,d3d12,53,134.661600,15.479200,6.559700,4.183500,110.194200,,
after,classroom,d3d12,54,133.262000,17.788500,6.170800,6.293600,105.805800,,
after,classroom,d3d12,55,141.830100,20.781800,8.217000,6.328800,112.372700,,
after,classroom,d3d12,56,133.229400,11.031400,3.877200,3.180100,114.111200,,
after,classroom,d3d12,57,140.070200,19.869900,7.326300,6.694600,111.015900,,
after,classroom,d3d12,58,138.072000,15.344100,5.827600,4.435300,113.365300,,
after,classroom,d3d12,59,132.119000,11.247200,3.780700,3.240300,112.572600,,
after,classroom,vulkan,10,180.717300,20.950300,4.610700,2.883500,0.036400,12,130788
after,classroom,vulkan,11,188.033100,26.223200,9.977700,3.004900,0.032300,12,130788
after,classroom,vulkan,12,184.663400,23.674900,6.992300,2.925800,0.067700,12,130788
after,classroom,vulkan,13,190.422700,21.346000,4.888700,3.167100,0.028100,12,130788
after,classroom,vulkan,14,191.761100,23.138500,7.673700,2.947600,0.034900,12,130788
after,classroom,vulkan,15,187.101300,22.622300,6.958700,3.026000,0.022000,12,130788
after,classroom,vulkan,16,181.645600,21.016300,5.454300,2.924300,0.032300,12,130788
after,classroom,vulkan,17,186.815900,24.948900,8.893400,2.990800,0.034500,12,130788
after,classroom,vulkan,18,188.484300,27.796700,9.421200,4.275200,0.050100,12,130788
after,classroom,vulkan,19,191.428900,23.543600,7.961500,2.890000,0.027000,12,130788
after,classroom,vulkan,20,188.208500,23.885200,7.954800,3.346200,0.026600,12,130788
after,classroom,vulkan,21,183.365000,21.625500,6.075100,3.290400,0.017200,12,130788
after,classroom,vulkan,22,187.562100,22.890700,6.489700,3.447900,0.029300,12,130788
after,classroom,vulkan,23,194.258400,25.287800,9.202900,3.675600,0.027300,12,130788
after,classroom,vulkan,24,195.828900,23.403700,7.835600,2.922800,0.029200,12,130788
after,classroom,vulkan,25,193.165200,28.758700,11.125800,3.948700,0.035500,12,130788
after,classroom,vulkan,26,190.368800,23.449400,6.678300,2.979600,0.033400,12,130788
after,classroom,vulkan,27,187.456700,21.383200,4.216500,3.747000,0.010500,12,130788
after,classroom,vulkan,28,183.794300,21.190100,5.230200,3.148300,0.018200,12,130788
after,classroom,vulkan,29,183.356100,23.061600,6.809400,2.919000,0.037100,12,130788
after,classroom,vulkan,30,185.863000,25.777500,8.073300,4.305000,0.027400,12,130788
after,classroom,vulkan,31,191.369800,30.811000,13.489800,4.525500,0.030300,12,130788
after,classroom,vulkan,32,181.286200,24.373900,8.810200,3.236200,0.012800,12,130788
after,classroom,vulkan,33,181.319800,22.675800,6.334700,3.327200,0.025700,12,130788
after,classroom,vulkan,34,187.362500,22.207300,5.867900,2.979700,0.032000,12,130788
after,classroom,vulkan,35,187.630400,27.324700,8.722200,4.205600,0.033600,12,130788
after,classroom,vulkan,36,189.619700,26.707400,9.909800,3.636400,0.037600,12,130788
after,classroom,vulkan,37,187.394200,26.117300,10.486700,2.974500,0.012100,12,130788
after,classroom,vulkan,38,182.260600,20.482700,4.449100,2.990800,0.038200,12,130788
after,classroom,vulkan,39,193.446100,28.995900,11.496400,3.757700,0.031500,12,130788
after,classroom,vulkan,40,186.704100,23.623200,7.599900,3.202700,0.022700,12,130788
after,classroom,vulkan,41,193.113900,22.453300,6.038400,2.886300,0.018000,12,130788
after,classroom,vulkan,42,179.771000,21.159200,5.874000,2.972500,0.013800,12,130788
after,classroom,vulkan,43,185.782900,20.816000,4.404300,3.542700,0.012600,12,130788
after,classroom,vulkan,44,186.835700,22.024400,5.081800,3.757900,0.021600,12,130788
after,classroom,vulkan,45,184.632100,23.266000,7.615600,2.913000,0.043600,12,130788
after,classroom,vulkan,46,184.764300,23.125100,7.931300,3.034300,0.023000,12,130788
after,classroom,vulkan,47,190.552100,23.118900,7.869600,2.924900,0.011000,12,130788
after,classroom,vulkan,48,189.334100,21.750300,4.491600,3.368200,0.039200,12,130788
after,classroom,vulkan,49,193.131500,24.807300,8.952400,3.540900,0.019200,12,130788
after,classroom,vulkan,50,193.626000,22.817500,7.046000,3.138000,0.073700,12,130788
after,classroom,vulkan,51,189.066300,26.612400,9.964100,3.501900,0.017500,12,130788
after,classroom,vulkan,52,183.659500,21.972900,5.057700,2.884100,0.028500,12,130788
after,classroom,vulkan,53,189.781500,24.332700,7.641100,3.154200,0.022500,12,130788
after,classroom,vulkan,54,189.082000,21.651400,5.851500,3.283800,0.021200,12,130788
after,classroom,vulkan,55,183.855800,22.336200,6.900700,2.909800,0.026300,12,130788
after,classroom,vulkan,56,192.534200,27.213500,10.406300,4.230800,0.037900,12,130788
after,classroom,vulkan,57,189.697100,26.907900,9.649100,4.798800,0.031300,12,130788
after,classroom,vulkan,58,184.120800,26.288800,8.903100,4.489800,0.011500,12,130788
after,classroom,vulkan,59,177.499800,20.462500,4.519200,3.189200,0.038200,12,130788
after,junkshop,d3d12,10,61.782800,6.568400,2.106900,3.365200,52.725800,,
after,junkshop,d3d12,11,66.108900,7.256200,1.713000,4.483300,56.739000,,
after,junkshop,d3d12,12,69.452900,9.907100,2.338100,6.147900,57.048900,,
after,junkshop,d3d12,13,65.296600,6.456000,1.653800,3.804900,56.776300,,
after,junkshop,d3d12,14,67.688700,10.006000,2.252200,6.824100,55.764700,,
after,junkshop,d3d12,15,58.294900,6.447900,2.487600,2.945900,49.708100,,
after,junkshop,d3d12,16,68.867700,7.484000,1.447900,4.717600,59.160800,,
after,junkshop,d3d12,17,59.138600,6.545300,2.525500,2.972500,50.847000,,
after,junkshop,d3d12,18,75.620700,8.262400,2.905600,3.870200,64.800700,,
after,junkshop,d3d12,19,68.314000,10.039800,2.076400,6.470100,56.352800,,
after,junkshop,d3d12,20,59.545000,5.784300,1.181800,3.430500,51.866400,,
after,junkshop,d3d12,21,60.796500,3.577700,0.892600,1.921300,55.174300,,
after,junkshop,d3d12,22,63.795500,3.421700,0.965700,1.861600,57.453900,,
after,junkshop,d3d12,23,58.379400,5.261000,1.603700,2.909000,51.198800,,
after,junkshop,d3d12,24,65.519600,7.039300,2.513200,3.418300,55.732900,,
after,junkshop,d3d12,25,60.795400,7.599400,1.507800,4.931200,50.725600,,
after,junkshop,d3d12,26,61.153400,5.660800,1.875100,2.940800,53.623700,,
after,junkshop,d3d12,27,67.302600,6.135900,1.973000,3.188500,59.375500,,
after,junkshop,d3d12,28,59.720300,3.857900,1.061400,2.110500,54.033800,,
after,junkshop,d3d12,29,56.989900,4.746300,1.100900,2.750600,50.260600,,
after,junkshop,d3d12,30,77.959800,8.303300,2.376500,4.488100,67.613800,,
after,junkshop,d3d12,31,64.241300,7.500900,1.948400,4.264900,53.882800,,
after,junkshop,d3d12,32,62.724500,3.753000,0.910200,2.047000,55.965000,,
after,junkshop,d3d12,33,63.573500,9.359600,1.876900,6.145600,51.986000,,
after,junkshop,d3d12,34,69.790200,8.162100,1.674900,5.008200,59.357800,,
after,junkshop,d3d12,35,58.286700,6.228100,2.073800,2.823100,49.397400,,
after,junkshop,d3d12,36,64.738800,7.204200,2.404100,3.983600,55.793200,,
after,junkshop,d3d12,37,70.409000,8.464100,1.789600,5.384800,59.996100,,
after,junkshop,d3d12,38,71.336900,7.272400,1.645400,3.682900,61.906500,,
after,junkshop,d3d12,39,60.220600,7.061600,1.645100,4.110600,51.165300,,
after,junkshop,d3d12,40,58.810800,3.946500,1.546800,1.779900,53.014000,,
after,junkshop,d3d12,41,60.661500,5.559700,1.465200,3.268200,53.311800,,
after,junkshop,d3d12,42,67.915100,3.469600,1.402900,1.492700,62.928900,,
after,junkshop,d3d12,43,60.350600,5.538900,1.682400,2.535000,53.148700,,
after,junkshop,d3d12,44,70.099900,4.704600,1.075500,2.835200,63.398900,,
after,junkshop,d3d12,45,58.374700,6.754700,2.568800,3.047300,48.954800,,
after,junkshop,d3d12,46,68.662900,6.303400,1.627400,3.422300,59.872500,,
after,junkshop,d3d12,47,64.815200,5.741500,1.565300,2.955900,56.920000,,
after,junkshop,d3d12,48,61.604100,7.372000,1.958300,4.331400,52.208500,,
after,junkshop,d3d12,49,63.657000,4.213300,1.200400,2.334600,58.045000,,
after,junkshop,d3d12,50,59.556700,3.221000,0.750200,1.816200,54.361400,,
after,junkshop,d3d12,51,57.316600,3.363900,1.014400,1.770700,52.320500,,
after,junkshop,d3d12,52,64.900500,5.415300,1.315600,3.187800,57.532700,,
after,junkshop,d3d12,53,61.173200,6.491100,1.657500,3.845300,52.943500,,
after,junkshop,d3d12,54,66.247100,6.931400,1.472500,4.419300,57.109600,,
after,junkshop,d3d12,55,68.093400,7.538300,1.327200,4.426700,58.325700,,
after,junkshop,d3d12,56,58.065600,3.154800,1.133300,1.497200,53.230800,,
after,junkshop,d3d12,57,63.163400,5.778300,1.330200,3.554300,55.650000,,
after,junkshop,d3d12,58,57.854000,4.303200,1.067100,2.244400,51.832300,,
after,junkshop,d3d12,59,56.353500,4.133300,0.825000,2.614100,50.482900,,
after,junkshop,vulkan,10,73.090100,7.413700,2.549800,3.068900,0.027400,17,7592
after,junkshop,vulkan,11,77.534800,4.348500,1.419900,1.510000,0.011700,17,7592
after,junkshop,vulkan,12,82.924100,3.980800,1.054900,1.470800,0.023900,17,7592
after,junkshop,vulkan,13,78.270600,7.077700,1.709900,3.598300,0.022500,17,7592
after,junkshop,vulkan,14,79.390000,5.999200,1.686900,2.610500,0.031100,17,7592
after,junkshop,vulkan,15,84.289900,10.112900,3.025600,4.148400,0.021500,17,7592
after,junkshop,vulkan,16,81.024100,6.618600,2.093100,2.679400,0.014600,17,7592
after,junkshop,vulkan,17,77.699900,5.473900,1.067300,2.323700,0.024900,17,7592
after,junkshop,vulkan,18,91.642800,6.311200,1.581200,2.875300,0.037600,17,7592
after,junkshop,vulkan,19,84.377000,6.989800,1.820800,3.226500,0.019900,17,7592
after,junkshop,vulkan,20,77.048300,7.144000,2.117300,2.916000,0.026700,17,7592
after,junkshop,vulkan,21,75.068100,6.771000,1.564800,3.326800,0.021700,17,7592
after,junkshop,vulkan,22,78.858400,6.612500,1.705400,3.080100,0.028600,17,7592
after,junkshop,vulkan,23,78.347800,7.134500,2.175200,2.843100,0.034500,17,7592
after,junkshop,vulkan,24,76.189600,9.952900,2.965300,4.146200,0.016000,17,7592
after,junkshop,vulkan,25,73.720300,4.078400,0.980100,1.595800,0.035600,17,7592
after,junkshop,vulkan,26,79.236100,7.740000,2.355500,3.139900,0.034500,17,7592
after,junkshop,vulkan,27,81.762800,7.645600,2.223800,3.442000,0.036700,17,7592
after,junkshop,vulkan,28,81.606700,9.632400,2.533100,4.957200,0.021700,17,7592
after,junkshop,vulkan,29,81.936900,8.634500,2.819900,3.552700,0.022900,17,7592
after,junkshop,vulkan,30,77.812500,6.820300,1.434700,3.424900,0.041100,17,7592
after,junkshop,vulkan,31,77.038800,9.954000,2.822500,4.902200,0.044800,17,7592
after,junkshop,vulkan,32,74.190800,5.404600,0.761400,3.057300,0.017000,17,7592
after,junkshop,vulkan,33,70.399500,7.182100,2.154700,2.750400,0.014500,17,7592
after,junkshop,vulkan,34,80.381000,5.205900,1.491500,2.123200,0.038100,17,7592
after,junkshop,vulkan,35,73.246100,7.164100,1.529900,3.727700,0.030300,17,7592
after,junkshop,vulkan,36,73.058600,7.387500,2.311600,2.996900,0.023000,17,7592
after,junkshop,vulkan,37,81.446700,6.627100,2.111500,2.710200,0.016500,17,7592
after,junkshop,vulkan,38,74.418700,6.822500,2.085300,2.814200,0.011500,17,7592
after,junkshop,vulkan,39,87.344200,5.023000,1.042100,2.330300,0.026800,17,7592
after,junkshop,vulkan,40,85.528600,6.621400,2.232700,2.656300,0.010800,17,7592
after,junkshop,vulkan,41,75.313600,3.644100,0.779200,1.456100,0.028800,17,7592
after,junkshop,vulkan,42,79.180400,8.540700,2.202600,4.161300,0.027300,17,7592
after,junkshop,vulkan,43,81.455500,7.632700,1.828400,3.936700,0.036500,17,7592
after,junkshop,vulkan,44,84.303000,8.338200,2.655600,3.604300,0.019400,17,7592
after,junkshop,vulkan,45,79.285800,7.409200,1.650600,3.570300,0.285800,17,7592
after,junkshop,vulkan,46,78.082000,7.863700,1.865100,4.039500,0.037100,17,7592
after,junkshop,vulkan,47,79.145000,10.255400,2.393800,5.910100,0.029200,17,7592
after,junkshop,vulkan,48,83.952500,10.094200,3.393600,4.104200,0.036000,17,7592
after,junkshop,vulkan,49,82.157800,6.919800,1.810500,3.268000,0.029700,17,7592
after,junkshop,vulkan,50,84.076300,7.187400,1.815800,3.341900,0.040200,17,7592
after,junkshop,vulkan,51,75.889300,8.757300,2.929500,3.336300,0.013200,17,7592
after,junkshop,vulkan,52,78.898100,4.180200,1.206900,1.472900,0.033300,17,7592
after,junkshop,vulkan,53,78.554000,6.395000,1.806600,2.740500,0.093400,17,7592
after,junkshop,vulkan,54,77.519800,7.413600,1.957700,3.557500,0.016600,17,7592
after,junkshop,vulkan,55,79.384000,5.468100,1.360800,2.396000,0.023600,17,7592
after,junkshop,vulkan,56,88.768300,7.119600,1.716800,3.474300,0.036600,17,7592
after,junkshop,vulkan,57,79.433600,8.134200,2.005800,3.868900,0.041100,17,7592
after,junkshop,vulkan,58,79.764500,8.229500,2.766000,3.420000,0.032500,17,7592
after,junkshop,vulkan,59,81.239300,8.991600,2.870800,4.253400,0.156300,17,7592
after,monster,d3d12,10,64.093700,5.691900,0.467800,3.831600,56.452800,,
after,monster,d3d12,11,61.395300,7.145200,0.408500,5.300700,52.007200,,
after,monster,d3d12,12,60.914200,7.303400,0.478300,5.637200,51.685300,,
after,monster,d3d12,13,60.080100,5.744800,0.446400,4.184000,52.685300,,
after,monster,d3d12,14,61.108800,5.239000,0.380800,3.703600,54.345900,,
after,monster,d3d12,15,60.511000,3.061500,0.177900,1.744500,55.009500,,
after,monster,d3d12,16,58.220500,3.129100,0.175600,2.088200,52.247500,,
after,monster,d3d12,17,55.576000,2.867400,0.372900,1.728900,50.876400,,
after,monster,d3d12,18,61.564900,7.154100,0.582700,4.612800,52.232100,,
after,monster,d3d12,19,62.141200,6.716900,0.567700,3.997700,53.244600,,
after,monster,d3d12,20,58.918100,5.414100,0.759100,3.171300,51.707100,,
after,monster,d3d12,21,59.632800,5.497200,0.363200,3.754700,52.515000,,
after,monster,d3d12,22,54.151700,1.997800,0.147400,1.281900,51.037700,,
after,monster,d3d12,23,54.896100,1.976100,0.146400,1.268900,51.099000,,
after,monster,d3d12,24,61.337900,2.004200,0.150400,1.333200,57.984300,,
after,monster,d3d12,25,56.152700,3.623200,0.302500,2.449100,51.263500,,
after,monster,d3d12,26,56.068400,2.461200,0.224000,1.638400,52.167400,,
after,monster,d3d12,27,52.716400,2.311900,0.153000,1.559300,49.037900,,
after,monster,d3d12,28,59.111600,5.629600,0.352900,3.961000,51.856300,,
after,monster,d3d12,29,60.900100,3.855000,0.313300,2.482200,55.671200,,
after,monster,d3d12,30,58.970600,4.996200,0.308000,3.363900,51.991300,,
after,monster,d3d12,31,60.482800,6.524600,0.883600,3.868500,52.134700,,
after,monster,d3d12,32,57.966300,5.528200,0.488100,2.986200,50.829700,,
after,monster,d3d12,33,55.038300,2.214900,0.424400,1.270300,51.065600,,
after,monster,d3d12,34,63.213900,5.588000,0.661300,3.517500,56.259700,,
after,monster,d3d12,35,57.245500,3.459400,0.239900,2.244200,52.397400,,
after,monster,d3d12,36,59.072100,4.205100,0.256600,2.902000,52.600300,,
after,monster,d3d12,37,62.200000,6.096100,0.733200,3.870500,54.159400,,
after,monster,d3d12,38,56.848700,5.396300,0.410900,3.325700,49.945100,,
after,monster,d3d12,39,61.413800,4.462100,0.305600,2.485300,55.101000,,
after,monster,d3d12,40,59.853600,4.343400,0.305400,2.966700,53.999500,,
after,monster,d3d12,41,60.577700,2.390800,0.163400,1.562800,56.396100,,
after,monster,d3d12,42,59.647700,2.907400,0.504400,1.276700,55.140900,,
after,monster,d3d12,43,58.527300,4.628400,0.364500,3.189700,52.020900,,
after,monster,d3d12,44,64.534400,6.980800,0.515300,4.481100,55.824500,,
after,monster,d3d12,45,61.263700,5.878600,0.353600,4.441300,53.693700,,
after,monster,d3d12,46,60.775900,5.034000,0.391800,3.201100,53.489200,,
after,monster,d3d12,47,63.502000,4.258200,0.452900,2.766300,56.747100,,
after,monster,d3d12,48,62.583800,6.394500,0.478000,4.237200,54.300300,,
after,monster,d3d12,49,60.949900,6.930800,0.418600,4.878300,52.197100,,
after,monster,d3d12,50,58.499000,2.787800,0.150800,1.845000,54.324600,,
after,monster,d3d12,51,57.047700,2.718000,0.223000,1.826700,52.958700,,
after,monster,d3d12,52,57.965800,3.914500,0.371200,2.622800,52.413100,,
after,monster,d3d12,53,61.236300,3.922000,0.274600,2.955500,55.294000,,
after,monster,d3d12,54,59.161500,5.773400,0.624700,3.560500,51.667600,,
after,monster,d3d12,55,59.943400,5.282600,0.487700,3.151300,52.775800,,
after,monster,d3d12,56,63.841000,6.677200,0.460100,4.852500,54.427400,,
after,monster,d3d12,57,62.487500,6.372700,0.641900,4.110200,53.884400,,
after,monster,d3d12,58,60.646900,5.549600,0.370400,3.762900,52.949600,,
after,monster,d3d12,59,60.990800,5.892500,0.852400,3.521100,53.354000,,
after,monster,vulkan,10,77.954700,5.849700,0.775500,2.909700,0.011900,10,7368
after,monster,vulkan,11,82.816100,3.468700,0.387300,1.701100,0.026500,10,7368
after,monster,vulkan,12,87.532600,7.494700,0.884500,4.580400,0.018100,10,7368
after,monster,vulkan,13,84.035300,6.248700,1.018900,3.256600,0.021400,10,7368
after,monster,vulkan,14,78.630000,5.326600,0.714100,2.812400,0.033400,10,7368
after,monster,vulkan,15,82.703500,7.812100,1.494900,3.718500,0.035200,10,7368
after,monster,vulkan,16,83.379600,7.185400,1.123300,4.049900,0.035500,10,7368
after,monster,vulkan,17,89.183900,7.648500,0.948000,4.681000,0.011700,10,7368
after,monster,vulkan,18,81.721500,5.687600,0.765700,3.207600,0.031200,10,7368
after,monster,vulkan,19,82.016100,6.087100,0.948700,3.271200,0.018500,10,7368
after,monster,vulkan,20,79.542900,5.775500,0.705000,3.377500,0.028900,10,7368
after,monster,vulkan,21,86.207500,7.143600,1.637200,3.347400,0.035000,10,7368
after,monster,vulkan,22,84.379500,8.432600,0.904100,5.095300,0.011800,10,7368
after,monster,vulkan,23,81.575900,3.948000,0.285000,1.689900,0.029700,10,7368
after,monster,vulkan,24,80.907800,6.025000,0.638100,2.383200,0.021000,10,7368
after,monster,vulkan,25,88.327100,6.626500,0.741800,3.707900,0.016800,10,7368
after,monster,vulkan,26,85.368400,4.036900,0.578300,1.998000,0.026900,10,7368
after,monster,vulkan,27,83.097300,5.530300,0.891800,2.941600,0.018000,10,7368
after,monster,vulkan,28,79.046100,4.933700,0.567200,2.559100,0.050900,10,7368
after,monster,vulkan,29,85.459600,8.314900,1.593000,3.970700,0.024800,10,7368
after,monster,vulkan,30,86.362200,7.265200,0.943100,4.254900,0.009600,10,7368
after,monster,vulkan,31,80.370300,3.030800,0.312000,1.477200,0.025100,10,7368
after,monster,vulkan,32,87.299700,6.302300,0.980800,3.172900,0.168000,10,7368
after,monster,vulkan,33,80.915500,5.412300,1.075200,2.504000,0.010200,10,7368
after,monster,vulkan,34,77.489100,3.062300,0.472000,1.251600,0.019200,10,7368
after,monster,vulkan,35,85.745700,5.055700,0.622800,2.749500,0.026200,10,7368
after,monster,vulkan,36,87.328700,6.254800,0.895300,3.532300,0.038600,10,7368
after,monster,vulkan,37,84.922700,7.402800,1.662200,3.331000,0.014600,10,7368
after,monster,vulkan,38,81.842500,3.577700,0.482500,1.779200,0.019800,10,7368
after,monster,vulkan,39,83.062400,6.793900,0.840800,3.667100,0.043400,10,7368
after,monster,vulkan,40,84.851900,6.776500,1.248900,3.185300,0.013800,10,7368
after,monster,vulkan,41,81.703000,3.813500,0.382600,1.852800,0.048000,10,7368
after,monster,vulkan,42,91.886100,9.691200,2.290400,4.420700,0.037600,10,7368
after,monster,vulkan,43,88.595800,8.846600,1.336500,4.565700,0.017200,10,7368
after,monster,vulkan,44,84.495600,5.501500,0.609500,2.937700,0.034200,10,7368
after,monster,vulkan,45,86.480300,6.837500,1.006700,3.713500,0.010600,10,7368
after,monster,vulkan,46,77.878600,2.766900,0.292600,1.213000,0.010700,10,7368
after,monster,vulkan,47,80.747100,3.019200,0.288600,1.326400,0.043500,10,7368
after,monster,vulkan,48,87.401700,5.245300,0.682200,2.876100,0.033600,10,7368
after,monster,vulkan,49,90.863600,7.246900,1.011300,3.983800,0.010300,10,7368
after,monster,vulkan,50,78.485700,2.772100,0.337600,1.224500,0.013200,10,7368
after,monster,vulkan,51,77.905700,4.467100,0.433700,2.422100,0.037300,10,7368
after,monster,vulkan,52,85.063000,8.268600,1.503200,4.490900,0.020300,10,7368
after,monster,vulkan,53,81.673800,5.086600,0.724500,2.789200,0.031000,10,7368
after,monster,vulkan,54,84.888700,7.949600,1.151800,4.795500,0.061700,10,7368
after,monster,vulkan,55,85.698400,6.755100,0.985500,3.599000,0.015400,10,7368
after,monster,vulkan,56,82.965900,4.483400,0.452800,2.278700,0.017000,10,7368
after,monster,vulkan,57,80.596200,3.452100,0.304200,1.532800,0.012000,10,7368
after,monster,vulkan,58,85.373300,3.856500,0.295500,2.127100,0.011800,10,7368
after,monster,vulkan,59,81.516600,2.783700,0.302200,1.243300,0.012400,10,7368
