phase,scene,backend,run,frame,frame_wall,scene_update,scene_registration,software_prepare,render_wait
before,classroom,metal,1,10,437.468084,19.491583,13.570083,5.818000,413.208459
before,classroom,metal,1,11,445.298000,19.474875,13.642750,5.713541,421.184958
before,classroom,metal,1,12,446.421417,19.520250,13.537250,5.875291,422.221208
before,classroom,metal,1,13,436.438542,19.419292,13.587334,5.731417,412.548833
before,classroom,metal,1,14,440.834458,19.250208,13.495000,5.654250,416.912958
before,classroom,metal,1,15,444.605250,20.126208,13.870625,6.045250,419.764750
before,classroom,metal,1,16,440.721959,19.945125,14.049417,5.785208,416.120291
before,classroom,metal,1,17,440.718625,20.133709,14.455917,5.565334,415.484000
before,classroom,metal,1,18,443.474417,20.274125,14.405834,5.758250,418.315625
before,classroom,metal,1,19,440.921167,20.081250,14.320500,5.653292,415.654667
before,classroom,metal,1,20,446.226375,20.171292,14.296792,5.763500,420.914083
before,classroom,metal,1,21,442.304167,19.664959,13.751917,5.808709,417.876000
before,classroom,metal,1,22,448.874542,21.177500,14.967208,6.037958,422.068208
before,classroom,metal,1,23,440.034792,19.574417,13.601500,5.865708,415.800875
before,classroom,metal,1,24,440.511000,19.945333,14.009041,5.824375,415.871959
before,classroom,metal,1,25,444.392583,19.706166,13.787750,5.810917,419.661417
before,classroom,metal,1,26,440.501708,19.873166,13.684333,6.047000,415.612792
before,classroom,metal,1,27,441.752375,19.837000,13.654208,6.030333,417.086375
before,classroom,metal,1,28,447.556083,19.927209,13.818167,5.961333,422.922041
before,classroom,metal,1,29,444.192625,19.340958,13.388666,5.849792,420.113500
before,classroom,metal,1,30,438.676208,19.284042,13.492167,5.692125,414.553875
before,classroom,metal,1,31,438.753750,19.188625,13.320000,5.766583,414.918500
before,classroom,metal,1,32,441.737500,19.779167,13.888625,5.786375,417.377917
before,classroom,metal,1,33,444.507791,20.170583,14.179334,5.860625,418.971583
before,classroom,metal,1,34,441.459584,19.393417,13.519666,5.772167,417.047041
before,classroom,metal,1,35,444.446459,19.600083,13.687583,5.783333,420.254708
before,classroom,metal,1,36,441.772916,19.785458,13.956292,5.716667,417.078292
before,classroom,metal,1,37,446.385583,20.167875,14.234792,5.822375,420.732250
before,classroom,metal,1,38,439.575834,19.778458,13.712292,5.917833,415.094542
before,classroom,metal,1,39,443.027792,19.784625,13.953917,5.718209,418.260042
before,classroom,metal,1,40,448.027709,19.747500,13.831959,5.782542,423.645959
before,classroom,metal,1,41,444.210959,19.257208,13.415333,5.742167,419.869667
before,classroom,metal,1,42,447.053458,19.806667,13.884666,5.766875,422.635333
before,classroom,metal,1,43,443.159792,19.629833,13.882209,5.647375,418.990333
before,classroom,metal,1,44,442.067375,19.918875,13.904792,5.890584,416.627708
before,classroom,metal,1,45,440.357916,19.355583,13.466500,5.791250,416.002542
before,classroom,metal,1,46,439.189583,19.575917,13.658791,5.818125,414.998583
before,classroom,metal,1,47,438.832666,19.889042,13.843167,5.896417,414.287583
before,classroom,metal,1,48,441.225500,20.209916,14.219209,5.877291,415.648083
before,classroom,metal,1,49,438.438750,19.987416,14.197250,5.674209,413.701417
before,classroom,metal,1,50,438.696291,19.392250,13.426125,5.868875,414.128625
before,classroom,metal,1,51,441.300791,19.847042,13.812084,5.930000,416.840625
before,classroom,metal,1,52,438.386625,19.635292,13.655542,5.875042,414.079208
before,classroom,metal,1,53,440.503041,19.935125,13.903416,5.924250,415.807083
before,classroom,metal,1,54,438.963500,20.072584,14.035542,5.927334,414.205750
before,classroom,metal,1,55,440.672333,19.301334,13.474750,5.726292,416.210916
before,classroom,metal,1,56,442.942334,20.582625,14.649584,5.793416,417.453458
before,classroom,metal,1,57,440.950667,19.672333,13.702458,5.862166,416.809875
before,classroom,metal,1,58,438.164542,19.967875,13.931459,5.916958,413.280833
before,classroom,metal,1,59,438.605500,20.062417,14.227917,5.709750,414.001583
after,classroom,metal,1,10,433.489125,14.488041,13.696041,0.685000,414.554375
after,classroom,metal,1,11,435.604458,14.937167,14.070417,0.749250,416.248458
after,classroom,metal,1,12,433.252834,14.969792,14.170083,0.686209,413.108917
after,classroom,metal,1,13,440.441708,14.685208,13.866667,0.701542,420.917084
after,classroom,metal,1,14,440.385833,14.860750,14.070917,0.679750,420.871792
after,classroom,metal,1,15,437.070792,14.808375,14.008458,0.682625,417.634833
after,classroom,metal,1,16,436.964542,14.922125,14.078209,0.715791,416.855709
after,classroom,metal,1,17,439.703542,14.977250,14.157667,0.703416,420.100000
after,classroom,metal,1,18,438.078042,14.834334,14.054459,0.669667,418.479834
after,classroom,metal,1,19,439.947750,15.852250,14.961334,0.735250,419.387625
after,classroom,metal,1,20,437.571291,14.715875,13.915125,0.689000,418.030000
after,classroom,metal,1,21,435.319000,14.553500,13.729375,0.718792,416.158125
after,classroom,metal,1,22,437.736708,14.915083,14.117875,0.678791,418.291209
after,classroom,metal,1,23,442.507208,14.259750,13.482666,0.676291,423.696791
after,classroom,metal,1,24,430.765125,14.743250,13.971916,0.651792,411.294417
after,classroom,metal,1,25,440.761416,14.751042,13.781959,0.753750,421.116041
after,classroom,metal,1,26,437.611250,14.276791,13.497708,0.674375,418.180083
after,classroom,metal,1,27,437.096000,14.359500,13.522666,0.724292,418.126208
after,classroom,metal,1,28,439.869125,14.892958,14.092958,0.687167,420.183125
after,classroom,metal,1,29,438.080167,14.968250,14.157167,0.695250,418.233833
after,classroom,metal,1,30,434.782334,14.742208,13.909375,0.679292,415.452875
after,classroom,metal,1,31,439.278250,15.107166,14.266625,0.722333,419.586792
after,classroom,metal,1,32,436.000209,15.638166,14.781000,0.729000,415.845042
after,classroom,metal,1,33,437.601917,14.796500,13.968708,0.712500,418.400750
after,classroom,metal,1,34,436.680500,14.889250,13.792000,0.864292,417.275208
after,classroom,metal,1,35,433.796208,14.578166,13.783833,0.680042,414.820291
after,classroom,metal,1,36,435.862083,14.600417,13.762708,0.713334,416.484000
after,classroom,metal,1,37,437.965250,15.145875,14.341959,0.684792,418.056084
after,classroom,metal,1,38,433.401500,14.070000,13.290958,0.678750,414.371791
after,classroom,metal,1,39,433.765750,14.696125,13.856292,0.719458,414.448167
after,classroom,metal,1,40,437.854875,15.223416,14.346959,0.741083,417.647500
after,classroom,metal,1,41,435.428291,14.852750,14.032917,0.703958,415.553958
after,classroom,metal,1,42,438.044542,14.888792,14.055333,0.719875,418.270875
after,classroom,metal,1,43,436.498500,14.748000,13.917167,0.712916,417.243875
after,classroom,metal,1,44,436.000500,14.921583,14.118208,0.693834,416.542500
after,classroom,metal,1,45,439.620208,15.012417,14.060583,0.786209,420.005416
after,classroom,metal,1,46,431.231375,14.323041,13.529666,0.684083,412.336416
after,classroom,metal,1,47,438.132375,14.344792,13.500500,0.734667,418.818625
after,classroom,metal,1,48,438.409167,14.523625,13.680875,0.720250,419.431250
after,classroom,metal,1,49,436.245750,14.825458,13.999833,0.710250,416.915209
after,classroom,metal,1,50,439.209459,14.543250,13.732000,0.692958,420.149959
after,classroom,metal,1,51,441.428125,15.307500,14.491958,0.694667,421.650250
after,classroom,metal,1,52,438.409916,14.994333,14.153084,0.720625,418.959542
after,classroom,metal,1,53,442.315291,14.744166,13.895667,0.715500,422.040875
after,classroom,metal,1,54,442.586792,14.450583,13.668167,0.677667,423.490542
after,classroom,metal,1,55,435.291708,14.479875,13.698708,0.670834,416.158542
after,classroom,metal,1,56,435.479709,14.419750,13.635417,0.680291,416.408084
after,classroom,metal,1,57,433.136000,14.207583,13.395625,0.703916,414.256625
after,classroom,metal,1,58,434.519167,15.144834,14.190417,0.784875,414.851041
after,classroom,metal,1,59,437.282166,15.145500,14.351542,0.676500,417.655834
before,junkshop,metal,1,10,319.807667,1.201000,0.899375,0.282000,315.966583
before,junkshop,metal,1,11,315.735709,1.198167,0.894875,0.284083,312.543791
before,junkshop,metal,1,12,317.964458,1.228375,0.918083,0.288792,314.728333
before,junkshop,metal,1,13,326.292584,1.227333,0.911791,0.296125,323.088000
before,junkshop,metal,1,14,313.327209,1.214625,0.912208,0.283541,310.097500
before,junkshop,metal,1,15,318.726459,1.444625,1.086042,0.331000,315.258167
before,junkshop,metal,1,16,320.594000,1.204375,0.896917,0.287750,316.982208
before,junkshop,metal,1,17,320.665958,1.218667,0.908500,0.288083,317.465875
before,junkshop,metal,1,18,319.833750,1.204334,0.893166,0.292166,316.603792
before,junkshop,metal,1,19,318.734750,1.212875,0.903292,0.288292,315.473667
before,junkshop,metal,1,20,317.772250,1.264250,0.935708,0.303875,314.403375
before,junkshop,metal,1,21,318.601375,1.212542,0.905584,0.287959,315.368791
before,junkshop,metal,1,22,320.612000,1.224666,0.908708,0.292917,317.294500
before,junkshop,metal,1,23,321.268291,1.284416,0.986709,0.279209,317.929417
before,junkshop,metal,1,24,316.939167,1.225250,0.903625,0.300833,313.624250
before,junkshop,metal,1,25,321.497792,1.325375,1.007708,0.295666,317.778542
before,junkshop,metal,1,26,319.569542,1.242417,0.896875,0.317458,316.254125
before,junkshop,metal,1,27,324.640542,1.223041,0.903250,0.300083,321.424166
before,junkshop,metal,1,28,320.261375,1.199375,0.894584,0.285792,317.003958
before,junkshop,metal,1,29,318.691250,1.190292,0.887208,0.282583,315.418625
before,junkshop,metal,1,30,320.460958,1.228000,0.914459,0.292834,316.925250
before,junkshop,metal,1,31,314.501792,1.229959,0.912042,0.298292,311.246125
before,junkshop,metal,1,32,315.812875,1.218667,0.901041,0.297375,312.586333
before,junkshop,metal,1,33,319.827792,1.192000,0.896417,0.276083,316.629291
before,junkshop,metal,1,34,322.417667,1.262792,0.932917,0.309667,318.422875
before,junkshop,metal,1,35,320.139166,1.254083,0.937542,0.295167,316.853458
before,junkshop,metal,1,36,322.270458,1.383291,1.062625,0.299500,318.342708
before,junkshop,metal,1,37,319.938916,1.211625,0.901375,0.290042,316.284917
before,junkshop,metal,1,38,319.864292,1.368917,0.959792,0.361459,316.148292
before,junkshop,metal,1,39,318.449250,1.248792,0.935666,0.291542,315.212084
before,junkshop,metal,1,40,319.621625,1.229000,0.915417,0.291125,316.320958
before,junkshop,metal,1,41,316.424667,1.362875,1.032834,0.309583,312.625750
before,junkshop,metal,1,42,317.659583,1.205583,0.902375,0.284917,314.479000
before,junkshop,metal,1,43,317.605125,1.214042,0.907334,0.285959,314.162416
before,junkshop,metal,1,44,319.867958,1.227584,0.908875,0.298417,316.588625
before,junkshop,metal,1,45,319.748000,1.348958,1.035792,0.291833,316.408292
before,junkshop,metal,1,46,318.983208,1.336250,0.943875,0.351584,315.601917
before,junkshop,metal,1,47,318.639625,1.218375,0.907750,0.290958,315.371542
before,junkshop,metal,1,48,316.090000,1.260042,0.945208,0.293250,312.841125
before,junkshop,metal,1,49,319.438875,1.189209,0.886333,0.284209,316.148500
before,junkshop,metal,1,50,319.982208,1.231667,0.914583,0.296333,316.280875
before,junkshop,metal,1,51,316.642084,1.231459,0.915209,0.295875,312.976500
before,junkshop,metal,1,52,318.129416,1.201125,0.896208,0.285458,314.438750
before,junkshop,metal,1,53,319.684833,1.279834,0.946417,0.313292,316.277208
before,junkshop,metal,1,54,320.853541,1.346458,0.989500,0.325375,317.180250
before,junkshop,metal,1,55,320.543125,1.342792,1.029458,0.292209,317.206958
before,junkshop,metal,1,56,318.476334,1.180083,0.887375,0.274667,315.258333
before,junkshop,metal,1,57,317.452541,1.280792,0.958625,0.302541,314.256666
before,junkshop,metal,1,58,316.344375,1.185250,0.900209,0.267459,313.146042
before,junkshop,metal,1,59,318.868542,1.327417,0.997958,0.308917,315.508875
after,junkshop,metal,1,10,314.590417,1.222792,0.897042,0.299666,311.199958
after,junkshop,metal,1,11,318.207125,1.207209,0.904500,0.282375,314.874875
after,junkshop,metal,1,12,323.679708,1.277375,0.969000,0.288250,320.390041
after,junkshop,metal,1,13,318.860583,1.208541,0.901291,0.287833,315.627291
after,junkshop,metal,1,14,319.620792,1.215208,0.909958,0.284125,316.351375
after,junkshop,metal,1,15,317.926542,1.340833,1.024958,0.293917,313.985833
after,junkshop,metal,1,16,323.253333,1.209208,0.909708,0.279833,320.058875
after,junkshop,metal,1,17,317.203375,1.224791,0.913875,0.290541,313.919334
after,junkshop,metal,1,18,318.902250,1.254250,0.957208,0.276834,315.624417
after,junkshop,metal,1,19,316.648375,1.207083,0.902125,0.285167,313.431542
after,junkshop,metal,1,20,319.209000,1.205334,0.912083,0.273292,316.065167
after,junkshop,metal,1,21,320.205584,1.243958,0.937959,0.284167,316.424875
after,junkshop,metal,1,22,317.345250,1.441167,1.098167,0.310208,313.656833
after,junkshop,metal,1,23,318.711334,1.342750,1.038667,0.282708,314.906458
after,junkshop,metal,1,24,317.130250,1.238834,0.930417,0.287333,313.818625
after,junkshop,metal,1,25,315.941042,1.313459,1.015375,0.278208,312.501250
after,junkshop,metal,1,26,320.312250,1.333542,1.017625,0.291250,316.604875
after,junkshop,metal,1,27,320.945542,1.210250,0.910750,0.280416,317.708041
after,junkshop,metal,1,28,317.952875,1.232417,0.923791,0.287917,314.699250
after,junkshop,metal,1,29,316.458542,1.226375,0.916583,0.287583,313.177375
after,junkshop,metal,1,30,321.793792,1.217417,0.909625,0.288500,318.501208
after,junkshop,metal,1,31,319.065625,1.364791,0.983459,0.355750,315.257333
after,junkshop,metal,1,32,317.434208,1.648292,1.275250,0.344666,313.788667
after,junkshop,metal,1,33,321.871417,1.216000,0.911750,0.284333,318.707541
after,junkshop,metal,1,34,324.072667,1.258291,0.945250,0.289209,317.839625
after,junkshop,metal,1,35,317.475125,1.278250,0.968792,0.283167,314.176250
after,junkshop,metal,1,36,319.706334,1.195583,0.906583,0.268917,316.530000
after,junkshop,metal,1,37,318.967041,1.213625,0.910875,0.282542,315.458375
after,junkshop,metal,1,38,318.532667,1.259500,0.955417,0.282167,315.295750
after,junkshop,metal,1,39,317.904125,1.162958,0.882458,0.262209,314.291875
after,junkshop,metal,1,40,317.378959,1.388958,1.083541,0.280792,313.736875
after,junkshop,metal,1,41,316.694666,1.187292,0.892917,0.275209,313.034167
after,junkshop,metal,1,42,319.402083,1.349375,1.038125,0.287166,316.078667
after,junkshop,metal,1,43,323.069042,1.193542,0.900333,0.273041,319.863375
after,junkshop,metal,1,44,321.576208,1.322292,0.985125,0.310000,318.016292
after,junkshop,metal,1,45,321.374959,1.259541,0.947625,0.287458,318.040000
after,junkshop,metal,1,46,320.820291,1.206584,0.909041,0.277416,317.580416
after,junkshop,metal,1,47,319.369041,1.199750,0.898750,0.281167,316.110375
after,junkshop,metal,1,48,319.115916,1.192209,0.899792,0.273333,315.877708
after,junkshop,metal,1,49,320.209875,1.310583,0.978916,0.304500,316.577167
after,junkshop,metal,1,50,319.448542,1.230500,0.926459,0.281708,315.927875
after,junkshop,metal,1,51,319.814875,1.234458,0.916792,0.296125,316.472584
after,junkshop,metal,1,52,316.616542,1.194791,0.903625,0.271042,313.426667
after,junkshop,metal,1,53,317.527917,1.188042,0.895750,0.272791,314.287750
after,junkshop,metal,1,54,320.668292,1.348875,1.044416,0.282167,316.835958
after,junkshop,metal,1,55,319.388708,1.182958,0.901208,0.264458,316.197875
after,junkshop,metal,1,56,321.936916,1.298458,0.973250,0.301750,318.528708
after,junkshop,metal,1,57,318.272333,1.213333,0.910750,0.281584,314.986166
after,junkshop,metal,1,58,317.196625,1.234125,0.929166,0.283417,313.589500
after,junkshop,metal,1,59,321.265291,1.232542,0.922667,0.287875,318.091291
before,monster,metal,1,10,391.064042,1.133334,0.767625,0.346833,388.643292
before,monster,metal,1,11,397.254083,1.262416,0.886750,0.356166,394.705042
before,monster,metal,1,12,392.707542,1.142625,0.774584,0.348416,390.347625
before,monster,metal,1,13,392.394000,1.144500,0.772292,0.351667,390.059375
before,monster,metal,1,14,396.944000,1.204167,0.834625,0.349250,394.549625
before,monster,metal,1,15,397.674958,1.137417,0.768458,0.349500,395.380917
before,monster,metal,1,16,405.167875,1.207625,0.824125,0.360166,402.331542
before,monster,metal,1,17,402.834166,1.156959,0.785542,0.351000,400.468958
before,monster,metal,1,18,397.699084,1.125375,0.765541,0.342250,395.327292
before,monster,metal,1,19,397.454459,1.152583,0.773791,0.358958,395.146041
before,monster,metal,1,20,399.916666,1.147166,0.776583,0.351000,397.508916
before,monster,metal,1,21,403.692500,1.151958,0.792625,0.340167,401.288583
before,monster,metal,1,22,396.776375,1.141791,0.773125,0.349292,394.374333
before,monster,metal,1,23,400.378125,1.159292,0.778708,0.361250,398.038458
before,monster,metal,1,24,401.841500,1.157084,0.780875,0.355834,399.495417
before,monster,metal,1,25,394.954833,1.308459,0.897625,0.382541,392.487334
before,monster,metal,1,26,399.756792,1.214833,0.818042,0.374541,397.385958
before,monster,metal,1,27,400.623167,1.137292,0.769375,0.349458,398.296166
before,monster,metal,1,28,394.273125,1.159667,0.787792,0.351708,391.793459
before,monster,metal,1,29,400.324250,1.158209,0.783750,0.353750,398.007208
before,monster,metal,1,30,400.211292,1.156875,0.796625,0.340042,397.670916
before,monster,metal,1,31,398.367375,1.151000,0.785083,0.345125,396.065625
before,monster,metal,1,32,398.091333,1.175250,0.798042,0.355584,395.754750
before,monster,metal,1,33,397.119500,1.198167,0.813833,0.363417,394.805333
before,monster,metal,1,34,399.448167,1.197500,0.811417,0.363959,396.491500
before,monster,metal,1,35,400.518666,1.142459,0.777833,0.345625,398.217458
before,monster,metal,1,36,404.816792,1.110000,0.761709,0.331125,401.759625
before,monster,metal,1,37,389.957125,1.160375,0.790167,0.348000,387.455458
before,monster,metal,1,38,398.790250,1.143333,0.778625,0.344625,396.184250
before,monster,metal,1,39,396.841792,1.280584,0.901959,0.358291,394.344542
before,monster,metal,1,40,398.077667,1.262500,0.861583,0.373500,395.611917
before,monster,metal,1,41,393.830375,1.286375,0.823833,0.422333,391.042959
before,monster,metal,1,42,393.634375,1.158291,0.798541,0.340417,391.265792
before,monster,metal,1,43,399.134375,1.130708,0.767167,0.345291,396.778667
before,monster,metal,1,44,393.494041,1.160875,0.783291,0.355958,391.113417
before,monster,metal,1,45,401.019541,1.148417,0.780625,0.348250,398.736625
before,monster,metal,1,46,397.425583,1.126833,0.767625,0.340750,395.119792
before,monster,metal,1,47,396.550541,1.163167,0.790167,0.352416,394.193666
before,monster,metal,1,48,395.774959,1.216375,0.842292,0.353666,393.390792
before,monster,metal,1,49,399.001666,1.167083,0.796458,0.350500,396.588542
before,monster,metal,1,50,398.498541,1.179083,0.800291,0.358333,396.105750
before,monster,metal,1,51,399.366666,1.156750,0.788333,0.348167,396.938833
before,monster,metal,1,52,396.040958,1.153459,0.779375,0.353834,393.714667
before,monster,metal,1,53,398.543875,1.164000,0.793667,0.350875,396.151583
before,monster,metal,1,54,396.805292,1.760667,1.248250,0.483125,393.445375
before,monster,metal,1,55,399.423042,1.156250,0.781833,0.354292,396.982083
before,monster,metal,1,56,403.059416,1.285833,0.897583,0.367167,400.629541
before,monster,metal,1,57,400.745708,1.193583,0.802209,0.372583,398.388375
before,monster,metal,1,58,400.028334,1.224958,0.836750,0.366208,397.590708
before,monster,metal,1,59,400.326458,1.149875,0.769750,0.359333,398.016000
after,monster,metal,1,10,396.330084,1.074583,0.821250,0.229958,393.943750
after,monster,metal,1,11,398.124583,1.030875,0.782042,0.228166,395.972000
after,monster,metal,1,12,399.364500,1.037792,0.790541,0.227625,397.115083
after,monster,metal,1,13,396.302667,0.999667,0.766750,0.214875,394.094375
after,monster,metal,1,14,394.894125,0.999708,0.775375,0.206666,392.678459
after,monster,metal,1,15,397.960833,1.067542,0.826834,0.222459,395.646541
after,monster,metal,1,16,395.510208,1.162750,0.917541,0.225500,393.104000
after,monster,metal,1,17,394.356791,1.020042,0.777250,0.222708,391.889916
after,monster,metal,1,18,398.489000,1.056208,0.830375,0.208041,396.311542
after,monster,metal,1,19,402.689500,1.012792,0.773917,0.219708,400.494000
after,monster,metal,1,20,400.659250,1.020375,0.782417,0.218458,398.424541
after,monster,metal,1,21,394.086708,1.009584,0.771708,0.219792,391.923833
after,monster,metal,1,22,394.640209,1.034167,0.785584,0.228708,392.446167
after,monster,metal,1,23,404.739750,1.163792,0.839834,0.292041,401.986167
after,monster,metal,1,24,397.741500,0.997959,0.772750,0.207542,395.514959
after,monster,metal,1,25,395.872208,1.057125,0.822708,0.214791,393.675459
after,monster,metal,1,26,397.551708,1.095833,0.848791,0.224541,394.288958
after,monster,metal,1,27,404.375792,1.031000,0.785125,0.224084,402.137458
after,monster,metal,1,28,395.879667,1.012750,0.776500,0.216625,392.988083
after,monster,metal,1,29,392.701625,1.042000,0.798209,0.223000,390.460958
after,monster,metal,1,30,399.041417,1.029625,0.786750,0.223250,396.796208
after,monster,metal,1,31,395.168000,1.008667,0.775708,0.213750,393.052542
after,monster,metal,1,32,404.872250,1.156000,0.905875,0.227375,402.511042
after,monster,metal,1,33,392.391917,1.112500,0.852000,0.235833,390.093208
after,monster,metal,1,34,397.889625,1.068083,0.811417,0.231667,395.650000
after,monster,metal,1,35,398.832208,1.252875,0.827167,0.380833,396.470584
after,monster,metal,1,36,396.661834,1.066292,0.820709,0.225875,394.441042
after,monster,metal,1,37,400.128083,1.041500,0.801708,0.221125,397.900333
after,monster,metal,1,38,396.532709,1.004959,0.777375,0.209000,394.325833
after,monster,metal,1,39,393.283167,1.024417,0.784708,0.219708,391.065834
after,monster,metal,1,40,397.815291,1.008250,0.770209,0.219875,395.178333
after,monster,metal,1,41,393.873209,1.033458,0.792625,0.220916,391.654125
after,monster,metal,1,42,397.063250,1.012500,0.776583,0.216084,394.842625
after,monster,metal,1,43,392.866125,1.021084,0.779875,0.222167,390.633500
after,monster,metal,1,44,395.569375,1.167041,0.932916,0.213875,393.233500
after,monster,metal,1,45,401.735250,1.028417,0.790584,0.218667,399.531417
after,monster,metal,1,46,396.070125,1.030459,0.787583,0.223208,393.852375
after,monster,metal,1,47,398.323167,1.076708,0.824583,0.231167,395.635167
after,monster,metal,1,48,393.873833,1.023958,0.780000,0.223916,391.665292
after,monster,metal,1,49,398.430750,1.033833,0.791875,0.221708,396.227125
after,monster,metal,1,50,399.497042,1.036041,0.781791,0.229208,397.317209
after,monster,metal,1,51,394.933958,1.014333,0.783000,0.211458,392.707084
after,monster,metal,1,52,403.017500,1.043958,0.799916,0.223375,400.785459
after,monster,metal,1,53,399.841916,1.234458,0.964791,0.245666,397.476667
after,monster,metal,1,54,392.150958,1.038750,0.794625,0.223375,389.976833
after,monster,metal,1,55,398.579708,1.059834,0.814375,0.224625,396.385959
after,monster,metal,1,56,400.073416,1.177000,0.926125,0.230041,397.307375
after,monster,metal,1,57,395.772625,1.031958,0.791250,0.219917,393.537958
after,monster,metal,1,58,403.128542,1.037084,0.802584,0.213959,400.880208
after,monster,metal,1,59,401.912542,1.032542,0.787375,0.226916,399.719333
before,classroom,metal,2,10,441.870875,19.263083,13.400125,5.763416,417.987375
before,classroom,metal,2,11,442.450125,19.795583,13.752250,5.909083,417.915416
before,classroom,metal,2,12,446.998459,20.534750,14.227458,6.132500,421.665708
before,classroom,metal,2,13,449.307459,20.648583,14.513875,5.904708,424.067875
before,classroom,metal,2,14,446.313708,20.338417,14.291209,5.935541,421.199375
before,classroom,metal,2,15,443.427292,19.577292,13.673834,5.797541,419.401125
before,classroom,metal,2,16,438.100917,19.660875,13.677209,5.868417,413.963292
before,classroom,metal,2,17,442.339667,20.176292,14.045042,5.995292,417.650709
before,classroom,metal,2,18,446.245500,19.930666,13.935833,5.886875,421.559375
before,classroom,metal,2,19,442.783708,20.405333,14.373292,5.917625,417.296250
before,classroom,metal,2,20,439.486416,20.363416,14.135291,6.079333,414.432250
before,classroom,metal,2,21,441.604875,20.047334,14.084292,5.854166,416.902958
before,classroom,metal,2,22,442.020334,21.454750,15.161958,6.131875,415.566875
before,classroom,metal,2,23,444.230292,20.578916,14.326250,6.090833,418.204167
before,classroom,metal,2,24,438.895709,19.639791,13.702666,5.818875,414.454666
before,classroom,metal,2,25,439.852167,19.420125,13.607250,5.706292,415.763458
before,classroom,metal,2,26,446.308750,20.303041,14.093208,6.058792,421.130000
before,classroom,metal,2,27,446.004167,20.097208,14.209625,5.775500,420.883875
before,classroom,metal,2,28,441.205292,19.753833,13.895875,5.745833,416.586041
before,classroom,metal,2,29,444.347000,20.008208,13.969042,5.912417,419.662625
before,classroom,metal,2,30,441.135750,19.778292,13.905875,5.768667,416.489167
before,classroom,metal,2,31,443.191708,19.559583,13.759250,5.698250,418.845875
before,classroom,metal,2,32,442.385042,20.026666,14.020292,5.896000,417.625125
before,classroom,metal,2,33,440.066375,19.526417,13.654583,5.771292,416.116584
before,classroom,metal,2,34,445.254125,20.058709,13.987292,5.938000,420.487041
before,classroom,metal,2,35,442.472625,20.346291,14.150875,6.066917,417.611375
before,classroom,metal,2,36,446.318833,20.315792,14.266792,5.921750,421.470959
before,classroom,metal,2,37,441.602167,20.359292,14.435500,5.812416,416.252500
before,classroom,metal,2,38,443.449709,20.296458,14.389792,5.798417,417.953375
before,classroom,metal,2,39,443.568000,20.075333,14.173792,5.781291,419.066334
before,classroom,metal,2,40,441.814417,20.189541,14.097208,5.945125,417.115250
before,classroom,metal,2,41,440.719291,19.398084,13.616209,5.678959,416.832000
before,classroom,metal,2,42,443.030250,20.388417,14.448000,5.815500,417.390834
before,classroom,metal,2,43,445.614375,19.534167,13.652583,5.783042,420.623416
before,classroom,metal,2,44,440.207625,19.581458,13.660875,5.820209,415.889791
before,classroom,metal,2,45,438.739167,19.687750,13.703625,5.877916,414.613958
before,classroom,metal,2,46,442.702708,20.317125,14.421125,5.786167,416.814583
before,classroom,metal,2,47,440.671208,19.977584,14.052959,5.812292,415.565167
before,classroom,metal,2,48,444.069917,20.249208,14.248083,5.894500,418.603334
before,classroom,metal,2,49,447.005625,19.515000,13.530500,5.886916,422.804750
before,classroom,metal,2,50,445.486458,20.528292,14.391500,6.000791,420.245875
before,classroom,metal,2,51,440.859250,19.326125,13.511292,5.706792,416.850125
before,classroom,metal,2,52,445.592500,20.216375,14.210167,5.892750,420.196792
before,classroom,metal,2,53,446.458458,20.009250,13.955792,5.940750,421.862208
before,classroom,metal,2,54,440.682375,20.086209,14.077292,5.879833,416.123042
before,classroom,metal,2,55,445.538958,19.592875,13.658125,5.834959,421.542583
before,classroom,metal,2,56,443.270459,20.750125,14.697708,5.925666,417.502041
before,classroom,metal,2,57,444.420500,20.427458,14.227958,6.056875,419.489291
before,classroom,metal,2,58,447.603750,20.285792,14.175167,5.805250,422.699042
before,classroom,metal,2,59,443.946458,19.912042,13.936458,5.867167,419.412292
after,classroom,metal,2,10,437.391125,14.809917,13.960959,0.729292,416.920292
after,classroom,metal,2,11,441.588916,14.787333,13.955333,0.714917,422.132083
after,classroom,metal,2,12,434.940459,14.342917,13.560583,0.674584,415.962500
after,classroom,metal,2,13,435.181125,15.149041,14.303166,0.717125,415.276833
after,classroom,metal,2,14,437.211708,15.714250,14.780333,0.806917,417.008625
after,classroom,metal,2,15,436.985542,14.672375,13.819584,0.737583,417.166417
after,classroom,metal,2,16,440.773292,14.911292,14.074375,0.722917,421.392125
after,classroom,metal,2,17,440.814375,15.030583,14.204166,0.716917,421.040208
after,classroom,metal,2,18,439.055875,14.467542,13.514417,0.759375,419.649334
after,classroom,metal,2,19,440.356458,14.734458,13.914458,0.711250,420.956666
after,classroom,metal,2,20,434.539958,14.305083,13.521542,0.679125,415.641333
after,classroom,metal,2,21,440.582791,14.897250,14.080375,0.700167,420.713084
after,classroom,metal,2,22,440.840959,15.648875,14.767125,0.753583,420.756167
after,classroom,metal,2,23,439.440625,14.951667,14.111334,0.721375,419.786541
after,classroom,metal,2,24,438.926209,14.878167,14.098417,0.667666,419.590583
after,classroom,metal,2,25,438.227583,15.372375,14.402875,0.822041,417.858833
after,classroom,metal,2,26,438.414417,15.587750,14.705125,0.731042,418.006334
after,classroom,metal,2,27,438.999083,14.294875,13.474916,0.712750,419.641834
after,classroom,metal,2,28,435.601917,15.031875,14.218459,0.694042,415.876750
after,classroom,metal,2,29,438.887791,15.371791,14.336125,0.888083,419.045708
after,classroom,metal,2,30,437.013917,14.842834,13.984959,0.743541,417.302125
after,classroom,metal,2,31,436.245667,14.507625,13.680375,0.715417,417.051875
after,classroom,metal,2,32,435.177333,15.063459,14.075292,0.809041,415.608458
after,classroom,metal,2,33,439.855959,14.594958,13.802416,0.687417,420.438375
after,classroom,metal,2,34,434.467209,14.326250,13.529750,0.691250,414.904500
after,classroom,metal,2,35,438.551542,14.788541,13.975333,0.704416,418.537917
after,classroom,metal,2,36,435.151459,14.850167,13.999875,0.728875,415.713917
after,classroom,metal,2,37,441.315000,14.562583,13.742417,0.710333,422.025375
after,classroom,metal,2,38,438.369500,14.632459,13.762000,0.757417,419.093167
after,classroom,metal,2,39,441.136625,14.438500,13.619583,0.704875,421.560291
after,classroom,metal,2,40,441.801750,14.559708,13.750875,0.696750,422.771083
after,classroom,metal,2,41,434.572666,15.102334,14.272625,0.705584,414.424708
after,classroom,metal,2,42,436.511292,14.928291,14.132875,0.681584,416.171333
after,classroom,metal,2,43,438.767875,15.138208,14.267959,0.747708,419.112292
after,classroom,metal,2,44,439.848041,14.836333,13.999375,0.723041,419.470916
after,classroom,metal,2,45,435.605333,14.914583,13.930833,0.819666,416.177667
after,classroom,metal,2,46,435.325375,15.090042,14.262333,0.702375,415.530792
after,classroom,metal,2,47,442.511875,15.104042,14.277792,0.711958,422.724125
after,classroom,metal,2,48,439.533709,15.581000,14.749958,0.713458,419.453666
after,classroom,metal,2,49,439.389667,14.696667,13.872750,0.707666,419.968333
after,classroom,metal,2,50,434.904834,14.837541,13.993750,0.730709,415.076583
after,classroom,metal,2,51,438.125333,14.850250,14.023083,0.714500,418.552000
after,classroom,metal,2,52,440.095792,14.878750,14.044500,0.716875,420.562375
after,classroom,metal,2,53,436.795666,14.425916,13.448375,0.851959,417.817625
after,classroom,metal,2,54,436.896833,14.775792,13.935209,0.723250,417.473916
after,classroom,metal,2,55,443.878625,15.245000,14.424208,0.698167,424.115500
after,classroom,metal,2,56,438.423292,14.892875,14.034917,0.738917,418.826375
after,classroom,metal,2,57,437.429500,14.967792,13.955916,0.780833,417.903083
after,classroom,metal,2,58,438.691958,14.821791,13.988625,0.719666,419.183333
after,classroom,metal,2,59,436.123167,14.931417,14.089417,0.723583,416.679667
before,junkshop,metal,2,10,316.122334,1.211250,0.908416,0.283792,312.933542
before,junkshop,metal,2,11,317.914375,1.219625,0.910750,0.288959,314.711959
before,junkshop,metal,2,12,315.918125,1.232334,0.923250,0.289375,312.673541
before,junkshop,metal,2,13,317.557542,1.213042,0.898792,0.294334,314.302250
before,junkshop,metal,2,14,315.373042,1.250042,0.936792,0.292292,312.139500
before,junkshop,metal,2,15,316.702000,1.180875,0.889291,0.273584,313.524458
before,junkshop,metal,2,16,315.681500,1.144375,0.842000,0.284792,312.542333
before,junkshop,metal,2,17,317.488583,1.156833,0.884916,0.256167,314.370583
before,junkshop,metal,2,18,315.505292,1.194334,0.890834,0.283917,312.311583
before,junkshop,metal,2,19,317.713875,1.212708,0.908834,0.282791,314.486667
before,junkshop,metal,2,20,315.974917,1.234167,0.918709,0.292250,312.768667
before,junkshop,metal,2,21,316.941875,1.205792,0.927500,0.261125,313.773375
before,junkshop,metal,2,22,316.917625,1.114625,0.824458,0.273542,313.847541
before,junkshop,metal,2,23,315.056708,1.054042,0.792291,0.246750,312.115167
before,junkshop,metal,2,24,318.839333,1.110500,0.835250,0.259000,315.807000
before,junkshop,metal,2,25,317.574375,1.179709,0.892000,0.269709,314.466792
before,junkshop,metal,2,26,317.253625,1.189834,0.895750,0.275875,314.070666
before,junkshop,metal,2,27,315.863375,1.180917,0.885917,0.276125,312.684375
before,junkshop,metal,2,28,317.812333,1.179333,0.892666,0.268458,314.680375
before,junkshop,metal,2,29,317.496833,1.182250,0.891375,0.272459,314.349333
before,junkshop,metal,2,30,317.125083,1.188291,0.894208,0.275250,313.956292
before,junkshop,metal,2,31,314.840334,1.104959,0.826542,0.261583,311.737833
before,junkshop,metal,2,32,315.928042,1.082666,0.806000,0.261208,312.921875
before,junkshop,metal,2,33,316.337625,1.059000,0.794333,0.249042,313.309417
before,junkshop,metal,2,34,319.592292,1.287291,0.991458,0.277084,313.106875
before,junkshop,metal,2,35,321.566542,1.105500,0.824834,0.262958,318.360541
before,junkshop,metal,2,36,323.139000,1.556333,1.186125,0.345083,318.572084
before,junkshop,metal,2,37,315.236458,1.301750,0.979416,0.295167,311.724917
before,junkshop,metal,2,38,318.449292,1.228416,0.917959,0.290000,315.220167
before,junkshop,metal,2,39,316.956084,1.212958,0.906875,0.286042,313.738042
before,junkshop,metal,2,40,317.960334,1.211750,0.902250,0.289875,314.700000
before,junkshop,metal,2,41,315.694166,1.210334,0.900375,0.290000,312.379459
before,junkshop,metal,2,42,316.753459,1.106000,0.833500,0.256459,313.685000
before,junkshop,metal,2,43,317.941667,1.078875,0.811375,0.252708,314.928125
before,junkshop,metal,2,44,317.218500,1.056750,0.793125,0.249375,314.150625
before,junkshop,metal,2,45,317.485500,1.240833,0.922875,0.295583,314.111792
before,junkshop,metal,2,46,315.321333,1.217917,0.911083,0.286583,312.100917
before,junkshop,metal,2,47,316.977166,1.165042,0.864750,0.282459,313.831000
before,junkshop,metal,2,48,316.324250,1.162666,0.890750,0.255666,313.166292
before,junkshop,metal,2,49,318.115667,1.246542,0.934583,0.291917,314.831916
before,junkshop,metal,2,50,315.625667,1.266625,0.944417,0.301083,312.274584
before,junkshop,metal,2,51,317.532250,1.381167,1.069292,0.288542,314.115833
before,junkshop,metal,2,52,315.699666,1.208541,0.901417,0.287750,312.073750
before,junkshop,metal,2,53,315.019625,1.110000,0.837833,0.255792,311.886791
before,junkshop,metal,2,54,318.270250,1.076292,0.810875,0.250209,314.579292
before,junkshop,metal,2,55,319.428750,1.469833,1.141125,0.305917,315.884875
before,junkshop,metal,2,56,316.602917,1.217583,0.911250,0.286292,313.364208
before,junkshop,metal,2,57,315.461125,1.234917,0.922458,0.291958,312.201625
before,junkshop,metal,2,58,317.627708,1.186834,0.896792,0.271500,314.452083
before,junkshop,metal,2,59,314.709209,1.246084,0.935750,0.290292,310.982292
after,junkshop,metal,2,10,321.322208,1.325667,1.002000,0.295417,317.260583
after,junkshop,metal,2,11,321.500375,1.258875,0.947292,0.288750,318.287125
after,junkshop,metal,2,12,319.191333,1.246667,0.933167,0.291875,315.948375
after,junkshop,metal,2,13,326.368166,1.362875,1.055792,0.283458,322.924333
after,junkshop,metal,2,14,319.221834,1.309084,0.981750,0.303875,315.878167
after,junkshop,metal,2,15,319.579667,1.199833,0.898083,0.281625,316.283834
after,junkshop,metal,2,16,315.925708,1.200875,0.896750,0.283375,312.653917
after,junkshop,metal,2,17,321.381417,1.252167,0.951542,0.279959,318.139917
after,junkshop,metal,2,18,321.394875,1.216042,0.912375,0.283583,318.120500
after,junkshop,metal,2,19,322.021416,1.216375,0.917333,0.278084,318.372459
after,junkshop,metal,2,20,319.499833,1.218833,0.921875,0.275208,316.319375
after,junkshop,metal,2,21,318.325750,1.205417,0.909708,0.275167,315.055041
after,junkshop,metal,2,22,323.406000,1.210500,0.912292,0.277958,320.129458
after,junkshop,metal,2,23,327.093083,1.214250,0.911958,0.280542,323.809750
after,junkshop,metal,2,24,323.284917,1.200417,0.905333,0.275000,320.107625
after,junkshop,metal,2,25,317.351583,1.204083,0.911750,0.273500,313.812625
after,junkshop,metal,2,26,321.857083,1.220792,0.923708,0.277458,318.547500
after,junkshop,metal,2,27,325.958958,1.326750,0.993208,0.311917,322.645625
after,junkshop,metal,2,28,321.916708,1.209209,0.895875,0.287042,318.700459
after,junkshop,metal,2,29,318.126583,1.181833,0.901667,0.261500,314.873958
after,junkshop,metal,2,30,322.576875,1.410583,1.082791,0.300250,318.693667
after,junkshop,metal,2,31,318.940125,1.356958,1.044625,0.287417,315.638000
after,junkshop,metal,2,32,324.078625,1.216709,0.915708,0.278792,320.830250
after,junkshop,metal,2,33,321.295500,1.189458,0.895000,0.273750,318.022666
after,junkshop,metal,2,34,320.768208,1.190209,0.897667,0.273625,317.532625
after,junkshop,metal,2,35,321.730542,1.216625,0.903333,0.289709,318.415459
after,junkshop,metal,2,36,322.055041,1.233833,0.936792,0.276542,318.824750
after,junkshop,metal,2,37,322.553125,1.246250,0.939500,0.285500,319.260000
after,junkshop,metal,2,38,321.154083,1.211541,0.910125,0.278500,317.878042
after,junkshop,metal,2,39,320.217333,1.205166,0.909041,0.275792,316.952167
after,junkshop,metal,2,40,317.421542,1.183791,0.889250,0.275667,314.193750
after,junkshop,metal,2,41,322.050083,1.250917,0.952541,0.277167,318.735500
after,junkshop,metal,2,42,321.976875,1.346708,1.039083,0.285125,317.963625
after,junkshop,metal,2,43,318.018917,1.335250,1.040917,0.273959,314.713542
after,junkshop,metal,2,44,323.612000,1.193250,0.904250,0.268583,320.362625
after,junkshop,metal,2,45,322.557042,1.208000,0.911167,0.276083,319.347167
after,junkshop,metal,2,46,321.307000,1.212584,0.907209,0.282250,318.067250
after,junkshop,metal,2,47,317.324459,1.214250,0.912916,0.280500,314.051333
after,junkshop,metal,2,48,346.447209,1.267209,0.948417,0.292958,342.116083
after,junkshop,metal,2,49,409.616625,1.688917,1.368500,0.294208,405.319000
after,junkshop,metal,2,50,348.591542,1.377084,1.038084,0.309083,345.040166
after,junkshop,metal,2,51,330.522458,1.215291,0.915000,0.279959,327.272833
after,junkshop,metal,2,52,333.679417,1.184125,0.898375,0.266541,330.020875
after,junkshop,metal,2,53,332.800209,1.344834,1.030125,0.292209,328.513834
after,junkshop,metal,2,54,320.647958,1.365542,1.042167,0.293542,316.511709
after,junkshop,metal,2,55,319.427916,1.464750,1.079167,0.356625,315.264083
after,junkshop,metal,2,56,320.278167,1.360125,1.022750,0.313916,316.169667
after,junkshop,metal,2,57,319.496208,1.342791,1.034917,0.284708,316.125917
after,junkshop,metal,2,58,318.385959,1.224875,0.921084,0.282083,315.136167
after,junkshop,metal,2,59,318.310083,1.344458,1.024917,0.297459,314.973875
before,monster,metal,2,10,396.239917,1.044375,0.714791,0.314208,393.981000
before,monster,metal,2,11,394.069375,1.010083,0.692333,0.302875,391.851333
before,monster,metal,2,12,393.801250,1.026833,0.706083,0.306333,391.652167
before,monster,metal,2,13,392.710167,0.990500,0.674917,0.301500,390.543750
before,monster,metal,2,14,396.723083,1.040208,0.724708,0.301000,394.523958
before,monster,metal,2,15,397.536958,0.989458,0.676791,0.299000,395.325208
before,monster,metal,2,16,393.505916,1.039666,0.699833,0.324542,391.274541
before,monster,metal,2,17,393.492291,1.031500,0.706084,0.310000,391.317500
before,monster,metal,2,18,394.176875,0.971250,0.656750,0.300500,391.965041
before,monster,metal,2,19,394.999666,0.972166,0.658292,0.299708,392.896458
before,monster,metal,2,20,394.710417,0.968625,0.654041,0.300917,392.483708
before,monster,metal,2,21,393.175500,0.996459,0.681084,0.301125,391.018916
before,monster,metal,2,22,401.396625,1.029750,0.697167,0.317917,399.195292
before,monster,metal,2,23,447.817375,1.240375,0.826167,0.392833,444.455125
before,monster,metal,2,24,446.776916,2.155250,1.675667,0.432333,434.579334
before,monster,metal,2,25,418.377167,1.249791,0.845834,0.380125,415.952250
before,monster,metal,2,26,404.442458,1.205459,0.821750,0.362333,401.954291
before,monster,metal,2,27,395.321916,1.245875,0.846083,0.377042,392.746625
before,monster,metal,2,28,401.768458,1.215625,0.836084,0.359625,399.383542
before,monster,metal,2,29,412.288917,1.271833,0.875500,0.367500,409.645083
before,monster,metal,2,30,402.051125,1.304750,0.895833,0.381834,399.583750
before,monster,metal,2,31,397.905083,1.654500,1.267875,0.366000,394.956250
before,monster,metal,2,32,401.394541,1.309500,0.909500,0.376042,398.642334
before,monster,metal,2,33,396.299666,1.162250,0.793833,0.348208,393.562417
before,monster,metal,2,34,401.756750,1.280000,0.876667,0.378875,399.033292
before,monster,metal,2,35,400.914667,1.238875,0.845459,0.366875,398.406750
before,monster,metal,2,36,400.986500,1.424125,1.029833,0.369250,397.506583
before,monster,metal,2,37,400.008000,1.181542,0.812000,0.350209,397.682500
before,monster,metal,2,38,404.344875,1.145667,0.780166,0.346875,401.945958
before,monster,metal,2,39,395.584417,1.163708,0.790959,0.353375,393.202792
before,monster,metal,2,40,396.399209,1.144875,0.785041,0.340208,394.025791
before,monster,metal,2,41,396.254958,1.124125,0.780375,0.325334,393.885916
before,monster,metal,2,42,395.738958,1.166416,0.792250,0.354792,393.182458
before,monster,metal,2,43,394.072625,1.201041,0.841875,0.340125,391.691333
before,monster,metal,2,44,396.218041,1.117959,0.771417,0.328500,393.890708
before,monster,metal,2,45,398.150834,1.131292,0.784292,0.327708,395.878417
before,monster,metal,2,46,399.761750,1.133208,0.778834,0.335208,397.319666
before,monster,metal,2,47,397.039667,1.147917,0.783792,0.344292,394.656458
before,monster,metal,2,48,400.022250,1.150042,0.785917,0.345459,397.712250
before,monster,metal,2,49,392.321375,1.148083,0.785083,0.343875,389.966750
before,monster,metal,2,50,395.156292,1.136625,0.776167,0.341166,392.734792
before,monster,metal,2,51,391.892916,1.154291,0.791042,0.344125,389.644250
before,monster,metal,2,52,400.281167,1.148625,0.778208,0.351541,397.997083
before,monster,metal,2,53,398.648417,1.157416,0.792750,0.345250,396.305000
before,monster,metal,2,54,399.799125,1.191042,0.812083,0.357292,397.431750
before,monster,metal,2,55,395.231917,1.138875,0.779042,0.341917,392.722500
before,monster,metal,2,56,396.277166,1.208000,0.851333,0.337167,393.899541
before,monster,metal,2,57,395.795458,1.171209,0.793083,0.357542,393.341375
before,monster,metal,2,58,394.736084,1.148916,0.782625,0.347042,392.312041
before,monster,metal,2,59,396.738500,1.145625,0.779167,0.347917,394.351667
after,monster,metal,2,10,400.735750,0.852500,0.668584,0.170333,398.636042
after,monster,metal,2,11,395.624000,1.032416,0.794000,0.217166,393.342542
after,monster,metal,2,12,394.665750,1.021584,0.785083,0.217084,392.458209
after,monster,metal,2,13,400.961541,1.105666,0.873209,0.213250,398.626625
after,monster,metal,2,14,395.571416,1.026333,0.793666,0.212417,392.940875
after,monster,metal,2,15,398.542709,0.941875,0.734875,0.190333,396.462833
after,monster,metal,2,16,395.278583,0.888958,0.692333,0.182334,393.184333
after,monster,metal,2,17,394.738417,0.980000,0.764542,0.195792,392.319417
after,monster,metal,2,18,397.620709,0.935667,0.742167,0.178666,394.972125
after,monster,metal,2,19,398.078042,0.887750,0.689083,0.184167,395.765625
after,monster,metal,2,20,399.544125,0.861583,0.674375,0.173625,397.464417
after,monster,metal,2,21,396.688792,0.860500,0.672416,0.174542,394.600959
after,monster,metal,2,22,399.212375,0.997833,0.770083,0.209291,396.980208
after,monster,metal,2,23,396.211875,0.932958,0.721791,0.195416,394.042458
after,monster,metal,2,24,395.026959,0.962458,0.767500,0.180500,392.899417
after,monster,metal,2,25,396.879125,1.029167,0.794500,0.214833,394.659500
after,monster,metal,2,26,395.943791,1.020417,0.790458,0.209000,393.499000
after,monster,metal,2,27,397.449250,0.993375,0.791541,0.184791,395.337625
after,monster,metal,2,28,396.330917,0.911959,0.716375,0.179875,394.252250
after,monster,metal,2,29,393.788584,0.922208,0.724417,0.180166,391.546750
after,monster,metal,2,30,396.954417,1.006458,0.771792,0.215250,394.756375
after,monster,metal,2,31,400.062292,1.041041,0.804375,0.215666,397.803958
after,monster,metal,2,32,399.368000,0.940584,0.721875,0.202417,396.797708
after,monster,metal,2,33,401.404542,0.934708,0.731209,0.186250,399.058708
after,monster,metal,2,34,396.259334,0.881834,0.689125,0.178042,394.290750
after,monster,metal,2,35,395.711667,0.870000,0.681416,0.174542,393.565291
after,monster,metal,2,36,395.106000,0.896500,0.711041,0.171458,393.059500
after,monster,metal,2,37,397.168708,1.005458,0.774542,0.213000,394.971709
after,monster,metal,2,38,396.831875,0.946958,0.727750,0.203125,394.587083
after,monster,metal,2,39,397.699208,1.187375,0.926042,0.234167,395.244500
after,monster,metal,2,40,394.426125,1.057791,0.816208,0.219625,392.116584
after,monster,metal,2,41,399.329667,0.926583,0.722208,0.188584,397.160750
after,monster,metal,2,42,396.547041,0.928042,0.707792,0.203250,394.419250
after,monster,metal,2,43,396.859125,0.916834,0.700667,0.200666,394.445083
after,monster,metal,2,44,397.405375,1.000917,0.770292,0.213250,395.242959
after,monster,metal,2,45,394.728000,0.976750,0.757208,0.199916,392.387375
after,monster,metal,2,46,393.872584,0.916917,0.714334,0.187250,391.876333
after,monster,metal,2,47,394.836458,0.894667,0.697958,0.182583,392.687542
after,monster,metal,2,48,394.428958,1.000791,0.770958,0.211959,392.176958
after,monster,metal,2,49,397.953291,0.904333,0.707792,0.181833,395.271417
after,monster,metal,2,50,396.488791,1.104500,0.844375,0.238584,394.184292
after,monster,metal,2,51,396.470584,1.029791,0.790791,0.219167,394.246542
after,monster,metal,2,52,394.009833,1.006333,0.777958,0.210000,391.742833
after,monster,metal,2,53,394.239458,0.969083,0.745542,0.206291,392.136584
after,monster,metal,2,54,399.315125,0.904375,0.711000,0.179208,397.175583
after,monster,metal,2,55,398.288208,0.886542,0.693959,0.178209,396.276458
after,monster,metal,2,56,396.844709,1.029625,0.786667,0.220625,394.585958
after,monster,metal,2,57,395.171958,1.008000,0.778417,0.211416,393.043334
after,monster,metal,2,58,398.416917,0.937541,0.727083,0.193625,396.255250
after,monster,metal,2,59,396.093958,0.908958,0.708750,0.184917,393.987375
before,classroom,metal,3,10,441.128625,19.409417,13.483416,5.830667,416.394750
before,classroom,metal,3,11,443.340791,20.603500,14.602000,5.867333,417.994459
before,classroom,metal,3,12,448.696041,20.367500,14.113042,6.113459,423.331708
before,classroom,metal,3,13,440.361458,20.441750,14.197834,6.096875,415.259625
before,classroom,metal,3,14,437.959125,20.707833,14.487083,6.089667,412.533666
before,classroom,metal,3,15,442.120167,20.263709,14.134750,6.007792,416.383834
before,classroom,metal,3,16,442.125583,19.946792,13.905250,5.915000,417.724458
before,classroom,metal,3,17,443.729750,20.040625,14.153083,5.768750,419.224583
before,classroom,metal,3,18,443.565208,19.600917,13.736834,5.769875,419.266291
before,classroom,metal,3,19,439.935750,19.760833,13.833750,5.828667,415.773125
before,classroom,metal,3,20,441.651792,19.678583,13.761833,5.818625,416.970000
before,classroom,metal,3,21,437.687791,19.521667,13.613791,5.812000,413.196000
before,classroom,metal,3,22,442.795917,19.463417,13.551083,5.818667,418.591792
before,classroom,metal,3,23,442.287000,19.819416,13.871666,5.840333,417.809083
before,classroom,metal,3,24,439.470583,19.486709,13.669042,5.722541,415.235208
before,classroom,metal,3,25,443.755583,20.151583,14.230583,5.794250,419.177250
before,classroom,metal,3,26,446.582583,20.012500,13.981917,5.922125,421.466125
before,classroom,metal,3,27,439.165333,19.585875,13.659500,5.828209,414.809541
before,classroom,metal,3,28,448.235667,21.086458,14.928167,6.026875,422.232250
before,classroom,metal,3,29,446.129000,19.560333,13.610000,5.853667,421.225542
before,classroom,metal,3,30,444.839208,19.937125,13.630500,6.156167,420.212584
before,classroom,metal,3,31,445.320083,20.896209,14.899167,5.872959,419.620208
before,classroom,metal,3,32,443.915584,20.173000,14.097958,5.940250,419.019916
before,classroom,metal,3,33,443.568916,19.941041,13.857416,5.956583,418.458791
before,classroom,metal,3,34,444.038333,20.281750,14.244667,5.928917,418.721500
before,classroom,metal,3,35,446.742167,20.422042,14.416125,5.897750,421.222166
before,classroom,metal,3,36,443.901667,20.247458,14.186875,5.947333,419.187625
before,classroom,metal,3,37,441.745917,20.108250,14.049375,5.918208,416.980083
before,classroom,metal,3,38,441.673625,19.997958,13.891167,5.992250,417.173667
before,classroom,metal,3,39,446.410667,20.680583,14.401084,6.147500,421.043708
before,classroom,metal,3,40,443.914584,20.661166,14.598750,5.908458,418.474542
before,classroom,metal,3,41,440.646084,19.868666,13.773708,5.996458,415.698083
before,classroom,metal,3,42,441.633042,20.786333,14.464042,6.172041,416.400292
before,classroom,metal,3,43,440.672792,20.680542,14.522459,6.036750,415.517750
before,classroom,metal,3,44,439.888833,20.471333,14.197125,6.138167,414.919000
before,classroom,metal,3,45,442.568583,19.766208,13.685791,5.982333,418.073708
before,classroom,metal,3,46,445.949958,20.417666,14.522041,5.781750,420.853208
before,classroom,metal,3,47,444.632333,20.595375,14.441584,6.028417,419.431750
before,classroom,metal,3,48,437.114041,20.011417,14.120709,5.779583,412.016125
before,classroom,metal,3,49,438.042500,19.413666,13.687500,5.628042,413.599833
before,classroom,metal,3,50,444.128000,19.480708,13.610166,5.770667,419.149875
before,classroom,metal,3,51,443.866167,20.287042,14.057750,6.091542,419.214125
before,classroom,metal,3,52,442.942792,20.912959,14.608333,6.154042,417.475000
before,classroom,metal,3,53,440.220250,20.540292,14.575583,5.842250,414.614125
before,classroom,metal,3,54,443.928542,19.892542,13.898667,5.892500,419.362208
before,classroom,metal,3,55,443.050917,19.725708,13.789208,5.834083,418.354459
before,classroom,metal,3,56,443.883917,20.089833,14.068958,5.906833,419.046542
before,classroom,metal,3,57,440.118708,20.230125,14.113292,6.007667,415.276000
before,classroom,metal,3,58,444.168333,20.109708,14.117459,5.885625,419.064333
before,classroom,metal,3,59,441.208917,20.060959,14.052875,5.895125,416.666750
after,classroom,metal,3,10,434.425583,14.629417,13.793334,0.721041,412.350417
after,classroom,metal,3,11,438.190125,14.219750,13.420583,0.690875,419.275333
after,classroom,metal,3,12,437.582625,14.530917,13.731500,0.680917,418.174542
after,classroom,metal,3,13,442.306833,14.434125,13.636875,0.686250,423.207084
after,classroom,metal,3,14,435.971000,14.375000,13.561916,0.701125,416.997125
after,classroom,metal,3,15,436.556667,14.172375,13.382834,0.683833,417.352667
after,classroom,metal,3,16,435.372417,14.719959,13.894833,0.710542,415.381500
after,classroom,metal,3,17,438.289792,14.332917,13.534208,0.680000,419.526084
after,classroom,metal,3,18,442.067125,14.595666,13.748125,0.722000,422.055458
after,classroom,metal,3,19,436.217000,14.363542,13.584583,0.673916,416.813333
after,classroom,metal,3,20,433.440917,14.461667,13.620875,0.716459,414.175042
after,classroom,metal,3,21,441.087750,14.838875,14.022333,0.700791,421.576083
after,classroom,metal,3,22,436.637083,14.424666,13.586916,0.722791,417.153958
after,classroom,metal,3,23,436.334334,14.750458,13.951833,0.684917,416.094209
after,classroom,metal,3,24,448.230333,14.299959,13.519834,0.678167,429.114417
after,classroom,metal,3,25,439.434625,14.143750,13.353208,0.677958,420.561333
after,classroom,metal,3,26,436.380709,14.283000,13.488458,0.684625,416.824875
after,classroom,metal,3,27,442.231375,14.448416,13.649792,0.688167,423.368333
after,classroom,metal,3,28,432.603333,14.865292,14.078666,0.678500,413.246625
after,classroom,metal,3,29,442.757459,14.818250,13.972792,0.726542,423.475958
after,classroom,metal,3,30,435.359292,14.840458,14.019000,0.706584,415.827167
after,classroom,metal,3,31,437.764542,14.484375,13.657375,0.711916,418.408250
after,classroom,metal,3,32,437.338167,14.186625,13.395792,0.680458,418.212708
after,classroom,metal,3,33,439.540000,14.273291,13.471792,0.691667,420.236541
after,classroom,metal,3,34,438.552125,14.929125,14.093333,0.717041,419.017084
after,classroom,metal,3,35,431.749041,14.815583,13.974500,0.718167,412.409167
after,classroom,metal,3,36,435.600083,14.362000,13.560417,0.690666,416.498833
after,classroom,metal,3,37,435.213458,14.741167,13.894417,0.720333,415.285000
after,classroom,metal,3,38,439.247041,14.752292,13.887333,0.735250,420.011000
after,classroom,metal,3,39,433.532000,14.230542,13.443833,0.682958,413.962250
after,classroom,metal,3,40,436.766750,14.677125,13.873833,0.683000,417.396959
after,classroom,metal,3,41,438.299250,14.699333,13.882750,0.696958,418.605583
after,classroom,metal,3,42,436.533791,14.761667,13.873750,0.758792,417.149417
after,classroom,metal,3,43,436.393208,14.504833,13.690583,0.703625,417.169791
after,classroom,metal,3,44,439.526791,14.285208,13.503292,0.673542,419.622000
after,classroom,metal,3,45,437.468292,14.456875,13.672792,0.674625,417.869292
after,classroom,metal,3,46,441.464375,15.074166,14.238000,0.712375,421.913208
after,classroom,metal,3,47,433.877000,14.550500,13.680709,0.751334,414.535916
after,classroom,metal,3,48,437.066417,14.489417,13.691834,0.683292,417.586833
after,classroom,metal,3,49,442.658708,14.766875,13.913791,0.731042,423.464125
after,classroom,metal,3,50,433.597792,14.361042,13.567666,0.678333,414.609416
after,classroom,metal,3,51,436.195625,14.394333,13.560000,0.726708,417.352417
after,classroom,metal,3,52,441.725916,14.900875,14.064125,0.711916,421.748209
after,classroom,metal,3,53,445.459916,14.776250,13.726750,0.821500,425.650750
after,classroom,metal,3,54,436.664875,14.667959,13.881084,0.673708,417.361458
after,classroom,metal,3,55,434.850084,14.820709,14.009750,0.695208,415.347708
after,classroom,metal,3,56,444.422208,14.523791,13.727541,0.679666,425.460125
after,classroom,metal,3,57,439.686541,14.657500,13.847291,0.689708,419.688750
after,classroom,metal,3,58,443.225542,14.490584,13.633459,0.743375,423.910875
after,classroom,metal,3,59,439.862042,14.692209,13.887542,0.686291,420.464542
before,junkshop,metal,3,10,321.716167,1.148500,0.856041,0.274917,318.477958
before,junkshop,metal,3,11,327.870625,1.206166,0.894708,0.292125,324.601125
before,junkshop,metal,3,12,315.364750,1.208917,0.900750,0.288125,312.112083
before,junkshop,metal,3,13,317.920708,1.367541,0.945791,0.381584,314.514667
before,junkshop,metal,3,14,316.784125,1.350708,1.038250,0.291417,313.319667
before,junkshop,metal,3,15,318.757292,1.244208,0.953875,0.270459,315.518500
before,junkshop,metal,3,16,317.448208,1.194459,0.890750,0.284667,314.254875
before,junkshop,metal,3,17,320.573083,1.224416,0.913875,0.289084,316.907625
before,junkshop,metal,3,18,319.558500,1.187917,0.895500,0.272416,316.423208
before,junkshop,metal,3,19,316.071958,1.198542,0.893958,0.285375,312.876625
before,junkshop,metal,3,20,317.959125,1.164166,0.868291,0.277000,314.689667
before,junkshop,metal,3,21,315.909834,1.197208,0.893833,0.284333,312.527958
before,junkshop,metal,3,22,324.890709,1.302625,0.991417,0.290666,321.545583
before,junkshop,metal,3,23,319.048292,1.263250,0.950125,0.291041,315.731750
before,junkshop,metal,3,24,320.106125,1.179625,0.885917,0.274833,316.959458
before,junkshop,metal,3,25,317.496625,1.327584,1.009250,0.296666,314.156500
before,junkshop,metal,3,26,318.598167,1.179333,0.888708,0.271750,314.929500
before,junkshop,metal,3,27,322.130375,1.341750,1.032792,0.288416,318.810125
before,junkshop,metal,3,28,316.776125,1.318208,1.023041,0.274334,313.445667
before,junkshop,metal,3,29,319.314667,1.335292,1.031584,0.283375,316.030125
before,junkshop,metal,3,30,327.483291,1.235000,0.923917,0.288583,323.689458
before,junkshop,metal,3,31,315.557833,1.204917,0.899166,0.285875,312.260541
before,junkshop,metal,3,32,319.045584,1.201625,0.892625,0.289833,315.825375
before,junkshop,metal,3,33,318.830209,1.339625,1.023375,0.294250,315.461291
before,junkshop,metal,3,34,318.770375,1.168750,0.875458,0.275500,315.552458
before,junkshop,metal,3,35,320.328583,1.217083,0.911792,0.284000,316.771958
before,junkshop,metal,3,36,322.585750,1.217167,0.913708,0.283625,319.288791
before,junkshop,metal,3,37,320.840625,1.409500,1.093875,0.294375,317.179459
before,junkshop,metal,3,38,318.073375,1.193375,0.888375,0.286375,314.898833
before,junkshop,metal,3,39,321.598459,1.219667,0.900500,0.298417,318.301667
before,junkshop,metal,3,40,322.631792,1.206583,0.898583,0.288458,319.396583
before,junkshop,metal,3,41,315.447875,1.220750,0.916708,0.282792,312.224167
before,junkshop,metal,3,42,323.871583,1.491833,1.162750,0.302458,319.879792
before,junkshop,metal,3,43,316.154375,1.246167,0.919167,0.306125,312.864250
before,junkshop,metal,3,44,319.525500,1.262000,0.948250,0.288708,315.886542
before,junkshop,metal,3,45,318.106416,1.202959,0.906209,0.276375,314.511459
before,junkshop,metal,3,46,324.422458,1.236417,0.908959,0.307542,320.807709
before,junkshop,metal,3,47,320.979000,1.214125,0.906625,0.287709,317.277709
before,junkshop,metal,3,48,320.748250,1.265666,0.939625,0.302708,317.347250
before,junkshop,metal,3,49,320.010208,1.200959,0.892292,0.289917,316.752791
before,junkshop,metal,3,50,319.348250,1.228208,0.909417,0.299292,316.160708
before,junkshop,metal,3,51,321.999084,1.208875,0.899500,0.289667,318.751417
before,junkshop,metal,3,52,324.402958,1.195834,0.894417,0.283042,321.288750
before,junkshop,metal,3,53,319.065000,1.211333,0.901500,0.288750,315.851417
before,junkshop,metal,3,54,318.587250,1.209833,0.901708,0.287500,315.323375
before,junkshop,metal,3,55,319.718875,1.336458,1.012250,0.302292,316.367542
before,junkshop,metal,3,56,317.003500,1.220584,0.916042,0.283875,313.458125
before,junkshop,metal,3,57,319.900750,1.340500,0.937125,0.371083,316.581250
before,junkshop,metal,3,58,322.959292,1.220708,0.913416,0.287292,319.774458
before,junkshop,metal,3,59,319.683709,1.201166,0.893542,0.287583,316.379292
after,junkshop,metal,3,10,320.069958,1.238958,0.942042,0.274292,316.706542
after,junkshop,metal,3,11,315.971625,1.191500,0.888042,0.283417,312.720333
after,junkshop,metal,3,12,317.546584,1.207833,0.916917,0.271625,314.339250
after,junkshop,metal,3,13,318.072666,1.198250,0.897291,0.280334,314.746792
after,junkshop,metal,3,14,319.841667,1.169250,0.881583,0.269042,316.694542
after,junkshop,metal,3,15,316.495625,1.193875,0.894083,0.279500,313.355625
after,junkshop,metal,3,16,321.379292,1.177167,0.881458,0.277167,318.263333
after,junkshop,metal,3,17,317.957917,1.192416,0.895875,0.276542,314.342375
after,junkshop,metal,3,18,317.985167,1.199208,0.900125,0.278417,314.717209
after,junkshop,metal,3,19,325.129000,1.188375,0.895417,0.272459,321.943625
after,junkshop,metal,3,20,315.402291,1.211833,0.908958,0.283666,312.172125
after,junkshop,metal,3,21,317.253042,1.182500,0.893167,0.269542,314.095875
after,junkshop,metal,3,22,317.950000,1.172459,0.890792,0.263834,314.782916
after,junkshop,metal,3,23,321.647292,1.172125,0.882792,0.270042,318.377250
after,junkshop,metal,3,24,320.626083,1.185500,0.899875,0.268042,317.437000
after,junkshop,metal,3,25,318.581958,1.187625,0.891708,0.276417,315.324375
after,junkshop,metal,3,26,323.078708,1.184542,0.887750,0.276333,319.579417
after,junkshop,metal,3,27,317.824083,1.179209,0.894292,0.265959,314.655375
after,junkshop,metal,3,28,322.147792,1.248958,0.952500,0.272417,318.459166
after,junkshop,metal,3,29,322.877042,1.256042,0.950250,0.284417,319.382625
after,junkshop,metal,3,30,313.511000,1.206291,0.906625,0.279625,309.843417
after,junkshop,metal,3,31,318.277250,1.175042,0.890333,0.266583,315.096834
after,junkshop,metal,3,32,318.656042,1.291708,1.017667,0.255750,315.243167
after,junkshop,metal,3,33,316.750208,1.197459,0.902334,0.275250,313.504792
after,junkshop,metal,3,34,323.676709,1.272334,0.954750,0.292209,317.087375
after,junkshop,metal,3,35,320.360625,1.210500,0.910542,0.278417,317.107666
after,junkshop,metal,3,36,319.877834,1.175292,0.898417,0.258917,316.648625
after,junkshop,metal,3,37,319.810250,1.219583,0.916750,0.280625,316.592792
after,junkshop,metal,3,38,318.987875,1.186333,0.891208,0.275958,315.866875
after,junkshop,metal,3,39,319.186542,1.242958,0.927583,0.293917,315.904958
after,junkshop,metal,3,40,317.140125,1.253917,0.952542,0.279625,313.829458
after,junkshop,metal,3,41,318.470458,1.196542,0.893458,0.283500,314.845209
after,junkshop,metal,3,42,319.726167,1.302084,1.004417,0.277292,316.467417
after,junkshop,metal,3,43,316.340541,1.200792,0.897958,0.282625,312.754500
after,junkshop,metal,3,44,319.092083,1.292292,1.009708,0.263625,315.844208
after,junkshop,metal,3,45,319.650750,1.187167,0.890958,0.276791,316.385625
after,junkshop,metal,3,46,319.935125,1.191959,0.897459,0.275250,316.698584
after,junkshop,metal,3,47,319.691584,1.208334,0.904375,0.283417,316.432000
after,junkshop,metal,3,48,315.248000,1.202834,0.906333,0.275209,312.035167
after,junkshop,metal,3,49,316.819667,1.171791,0.886041,0.267584,313.658583
after,junkshop,metal,3,50,321.069041,1.202000,0.902750,0.278125,317.819834
after,junkshop,metal,3,51,319.148750,1.195750,0.897500,0.278334,316.022917
after,junkshop,metal,3,52,319.347625,1.214833,0.915750,0.278292,315.624500
after,junkshop,metal,3,53,318.107625,1.184333,0.893125,0.272666,314.455959
after,junkshop,metal,3,54,321.385250,1.178333,0.896375,0.264208,318.252292
after,junkshop,metal,3,55,319.195208,1.422375,1.070417,0.305083,315.598000
after,junkshop,metal,3,56,317.822792,1.189500,0.888250,0.282875,314.583458
after,junkshop,metal,3,57,317.381542,1.373334,1.011208,0.336500,313.016584
after,junkshop,metal,3,58,319.166333,1.183333,0.889667,0.274042,315.914625
after,junkshop,metal,3,59,322.113958,1.200708,0.902000,0.278916,318.946375
before,monster,metal,3,10,394.936083,1.141167,0.779666,0.342375,392.423250
before,monster,metal,3,11,395.518958,1.127542,0.781125,0.328458,393.232791
before,monster,metal,3,12,392.331500,1.261208,0.886750,0.354708,389.920750
before,monster,metal,3,13,398.356250,1.256250,0.873500,0.356333,395.885833
before,monster,metal,3,14,397.363583,1.147083,0.776417,0.351917,395.067542
before,monster,metal,3,15,397.979833,1.156791,0.781167,0.354584,395.619042
before,monster,metal,3,16,390.825458,1.261375,0.864542,0.375167,388.201166
before,monster,metal,3,17,393.385083,1.197542,0.829292,0.349416,390.956375
before,monster,metal,3,18,398.118708,1.201833,0.826333,0.356083,395.739875
before,monster,metal,3,19,391.411416,1.167500,0.786166,0.360792,388.711708
before,monster,metal,3,20,405.893250,1.198542,0.815750,0.362459,403.460500
before,monster,metal,3,21,397.764959,1.337875,0.945334,0.369208,394.957750
before,monster,metal,3,22,401.031417,1.170500,0.786541,0.360750,398.572709
before,monster,metal,3,23,396.857750,1.193833,0.811334,0.360167,394.450458
before,monster,metal,3,24,396.473750,1.141667,0.775375,0.347250,394.124875
before,monster,metal,3,25,396.758709,1.159625,0.788542,0.351000,394.307375
before,monster,metal,3,26,398.198583,1.150208,0.784500,0.347292,395.831250
before,monster,metal,3,27,399.264667,1.157333,0.791458,0.346583,396.934500
before,monster,metal,3,28,396.501375,1.134084,0.763417,0.349083,394.216375
before,monster,metal,3,29,398.114834,1.124208,0.765583,0.340666,395.797625
before,monster,metal,3,30,393.628375,1.148167,0.773625,0.355292,391.220750
before,monster,metal,3,31,399.029959,1.137958,0.780167,0.339416,396.682250
before,monster,metal,3,32,394.656000,1.155292,0.779292,0.356500,392.294500
before,monster,metal,3,33,398.756125,1.153625,0.771583,0.363167,396.343667
before,monster,metal,3,34,395.821250,1.128875,0.775083,0.334750,393.217334
before,monster,metal,3,35,395.467833,1.290666,0.905542,0.362000,392.698583
before,monster,metal,3,36,394.654292,1.142917,0.777708,0.345667,392.294083
before,monster,metal,3,37,396.259166,1.253625,0.858375,0.372625,393.475458
before,monster,metal,3,38,400.016083,1.291000,0.814584,0.437625,397.442667
before,monster,metal,3,39,394.314084,1.153417,0.782167,0.351708,391.949917
before,monster,metal,3,40,396.930750,1.148167,0.768958,0.358666,394.552417
before,monster,metal,3,41,397.327542,1.141750,0.771333,0.351583,394.957750
before,monster,metal,3,42,393.703500,1.156916,0.782708,0.354583,391.346291
before,monster,metal,3,43,399.537042,1.142708,0.771125,0.352709,396.836667
before,monster,metal,3,44,398.375584,1.201250,0.819875,0.357833,395.999792
before,monster,metal,3,45,393.538958,1.144208,0.774333,0.351542,391.146917
before,monster,metal,3,46,400.617334,1.236375,0.841583,0.369333,398.169500
before,monster,metal,3,47,395.497625,1.149875,0.781500,0.350667,393.106375
before,monster,metal,3,48,397.410834,1.300750,0.900625,0.373917,393.936708
before,monster,metal,3,49,392.747584,1.185083,0.808042,0.356666,389.899334
before,monster,metal,3,50,401.447833,1.256208,0.881709,0.353917,399.003500
before,monster,metal,3,51,400.105167,1.149291,0.773000,0.357250,397.698667
before,monster,metal,3,52,392.565042,1.156500,0.789375,0.346917,390.208250
before,monster,metal,3,53,401.878583,1.156125,0.786042,0.350375,399.521416
before,monster,metal,3,54,394.820250,1.142750,0.774708,0.349417,392.523667
before,monster,metal,3,55,399.702334,1.148667,0.779000,0.350750,397.271583
before,monster,metal,3,56,397.524667,1.128167,0.778542,0.332917,395.194125
before,monster,metal,3,57,393.868875,1.169917,0.791417,0.355916,391.502708
before,monster,metal,3,58,397.847833,1.236125,0.863958,0.351583,395.365584
before,monster,metal,3,59,397.189042,1.146375,0.774375,0.353833,394.833750
after,monster,metal,3,10,399.338625,1.052209,0.793458,0.238541,397.086625
after,monster,metal,3,11,395.549500,1.030459,0.782917,0.228708,393.311375
after,monster,metal,3,12,399.489667,1.121292,0.824250,0.261042,396.973708
after,monster,metal,3,13,396.563375,0.982250,0.762791,0.201791,394.385208
after,monster,metal,3,14,395.098583,1.050209,0.802334,0.227791,392.879167
after,monster,metal,3,15,394.126125,1.006834,0.769625,0.218333,391.898542
after,monster,metal,3,16,397.619208,1.035417,0.785125,0.229959,395.405500
after,monster,metal,3,17,395.557125,1.011333,0.775417,0.217500,393.355125
after,monster,metal,3,18,396.097209,1.000958,0.763750,0.218916,393.819959
after,monster,metal,3,19,403.868000,0.989375,0.763000,0.208041,401.649958
after,monster,metal,3,20,395.603792,1.030000,0.786792,0.223417,393.307083
after,monster,metal,3,21,400.910167,1.026250,0.785000,0.220375,398.638209
after,monster,metal,3,22,399.091000,1.027917,0.782125,0.225458,396.823542
after,monster,metal,3,23,397.927667,0.996792,0.756917,0.221958,395.670500
after,monster,metal,3,24,393.917875,1.050458,0.798583,0.230375,391.725500
after,monster,metal,3,25,393.195459,1.017250,0.778666,0.219333,390.985959
after,monster,metal,3,26,393.369333,1.009000,0.772875,0.216208,391.054542
after,monster,metal,3,27,397.067375,1.048792,0.790083,0.238791,394.846792
after,monster,metal,3,28,397.531916,1.030042,0.779459,0.230500,395.309667
after,monster,metal,3,29,393.696375,1.024875,0.777875,0.226500,391.450291
after,monster,metal,3,30,396.466667,1.127625,0.876250,0.231708,394.126167
after,monster,metal,3,31,395.878708,1.020042,0.780708,0.221125,393.448292
after,monster,metal,3,32,395.048542,1.013833,0.771708,0.222708,392.812791
after,monster,metal,3,33,395.055708,1.012042,0.773000,0.219292,392.781708
after,monster,metal,3,34,404.958500,1.019750,0.773667,0.225959,402.547125
after,monster,metal,3,35,396.796041,1.019083,0.780625,0.219458,394.521542
after,monster,metal,3,36,401.569250,0.988167,0.758667,0.210791,399.407541
after,monster,metal,3,37,403.194000,1.011375,0.780666,0.212083,400.883250
after,monster,metal,3,38,396.669625,1.001542,0.775625,0.206541,394.187875
after,monster,metal,3,39,407.691208,0.978375,0.757625,0.204083,405.528250
after,monster,metal,3,40,396.121625,1.018334,0.778500,0.219958,393.849917
after,monster,metal,3,41,394.703542,1.016709,0.773000,0.222750,392.468375
after,monster,metal,3,42,394.980667,1.026292,0.774834,0.231334,392.768375
after,monster,metal,3,43,396.422084,1.183292,0.932958,0.228667,394.077875
after,monster,metal,3,44,404.464416,1.027584,0.778625,0.229791,402.191792
after,monster,metal,3,45,396.040708,1.027250,0.786208,0.222292,393.781583
after,monster,metal,3,46,398.679833,1.056584,0.809125,0.225792,396.186083
after,monster,metal,3,47,394.824208,1.088458,0.844166,0.224709,392.633125
after,monster,metal,3,48,398.299042,1.004666,0.765459,0.220500,396.130875
after,monster,metal,3,49,395.938333,1.057458,0.789875,0.245542,393.694500
after,monster,metal,3,50,396.042083,1.080875,0.815000,0.244417,393.764916
after,monster,metal,3,51,396.716875,1.024500,0.783125,0.221417,394.478916
after,monster,metal,3,52,402.419750,1.138834,0.883125,0.233417,400.142958
after,monster,metal,3,53,395.459041,1.030583,0.786292,0.223167,393.222792
after,monster,metal,3,54,394.044500,0.994375,0.763250,0.212958,391.835875
after,monster,metal,3,55,392.824000,1.032000,0.787042,0.223875,390.528084
after,monster,metal,3,56,398.812541,1.127000,0.893584,0.214375,396.518000
after,monster,metal,3,57,394.356833,0.991584,0.768167,0.205250,391.995708
after,monster,metal,3,58,397.236625,1.150000,0.882834,0.228917,394.687667
after,monster,metal,3,59,393.953208,1.007667,0.765000,0.224000,391.676250
