interval,start_ns,end_ns,period_ms,recorded_gpu_ms,recorded_gap_ms,main_gpu_ms,submissions,copy_calls,dispatch_calls
0,38301513,175431772,137.130259,122.375156,14.755102999999991,115.904002,16,12,2273
1,175431772,307360315,131.928543,117.994526,13.934016999999997,111.910667,16,12,2273
2,307360315,436658592,129.298277,112.618057,16.68022000000002,105.91452,16,12,2273
3,436658592,568262527,131.603935,114.591845,17.01209,108.057619,16,12,2273
4,568262527,701246076,132.983549,114.619236,18.36431300000001,107.705236,16,12,2273
5,701246076,836823091,135.577015,119.782074,15.794940999999994,113.149448,16,12,2273
6,836823091,973823334,137.000243,116.10173,20.89851300000001,109.998959,16,12,2273
7,973823334,1112745270,138.921936,123.477458,15.44447799999999,117.391743,16,12,2273
8,1112745270,1253949473,141.204203,120.059801,21.144402000000014,113.940774,16,12,2273
9,1253949473,1385522624,131.573151,117.288479,14.284672,111.200524,16,12,2273
10,1385522624,1520317497,134.794873,116.896896,17.897976999999997,110.801229,16,12,2273
11,1520317497,1654180244,133.862747,118.408572,15.454175000000006,112.322026,16,12,2273
12,1654180244,1788286318,134.106074,117.975678,16.130396000000005,111.815019,16,12,2273
13,1788286318,1918964623,130.678305,112.687529,17.990775999999997,106.578166,16,12,2273
14,1918964623,2049591409,130.626786,114.282469,16.344317000000004,108.108467,16,12,2273
15,2049591409,2177728249,128.13684,115.245092,12.891748000000007,109.132657,16,12,2273
16,2177728249,2314350286,136.622037,121.957972,14.664065000000008,115.861922,16,12,2273
17,2314350286,2441089625,126.739339,115.016069,11.72327,108.920818,16,12,2273
18,2441089625,2571395611,130.305986,115.870722,14.43526399999999,109.751023,16,12,2273
19,2571395611,2698918756,127.523145,115.740035,11.783109999999994,109.102962,16,12,2273
20,2698918756,2830988964,132.070208,117.502687,14.567521000000013,111.375853,16,12,2273
21,2830988964,2966149308,135.160344,120.767672,14.392672000000005,114.075078,16,12,2273
22,2966149308,3100370358,134.22105,117.718239,16.502810999999994,111.628044,16,12,2273
23,3100370358,3235982989,135.612631,119.249659,16.362972,113.170153,16,12,2273
24,3235982989,3378744501,142.761512,122.751283,20.01022900000001,116.652833,16,12,2273
25,3378744501,3518841987,140.097486,121.907254,18.19023200000001,115.453572,16,12,2273
26,3518841987,3648820326,129.978339,113.473704,16.504635000000007,107.376277,16,12,2273
27,3648820326,3782780993,133.960667,117.98259,15.978076999999999,111.814636,16,12,2273
28,3782780993,3912757413,129.97642,115.603171,14.373248999999987,108.809618,16,12,2273
29,3912757413,4051773717,139.016304,120.807096,18.20920799999999,113.867207,16,12,2273
30,4051773717,4179920791,128.147074,116.155261,11.991813000000008,109.670731,16,12,2273
31,4179920791,4310047350,130.126559,117.778843,12.347715999999991,111.691432,16,12,2273
32,4310047350,4442552592,132.505242,117.837307,14.667935000000014,111.310441,16,12,2273
33,4442552592,4575610824,133.058232,113.590404,19.467827999999997,107.428593,16,12,2273
34,4575610824,4707724899,132.114075,113.725059,18.389016000000012,107.19173,16,12,2273
35,4707724899,4838959807,131.234908,115.2704,15.964507999999995,107.859984,16,12,2273
36,4838959807,4967593698,128.633891,112.841574,15.792317000000011,106.748787,16,12,2273
37,4967593698,5096114436,128.520738,115.314751,13.205986999999993,109.227821,16,12,2273
38,5096114436,5223200298,127.085862,113.516868,13.568994000000004,107.054034,16,12,2273
39,5223200298,5351950316,128.750018,116.331614,12.41840400000001,108.720942,16,12,2273
40,5351950316,5477464277,125.513961,112.020264,13.493696999999997,105.925333,16,12,2273
41,5477464277,5610125518,132.661241,119.109016,13.552224999999993,113.025669,16,12,2273
42,5610125518,5742745896,132.620378,114.164771,18.455606999999986,108.070288,16,12,2273
43,5742745896,5875008866,132.26297,115.201151,17.061819,109.092269,16,12,2273
44,5875008866,6004688674,129.679808,114.572289,15.10751900000001,107.863856,16,12,2273
45,6004688674,6138483257,133.794583,114.222754,19.571828999999994,107.488625,16,12,2273
46,6138483257,6269247863,130.764606,117.584571,13.18003499999999,111.494697,16,12,2273
47,6269247863,6405477193,136.22933,116.639838,19.589492000000007,110.565451,16,12,2273
48,6405477193,6543016729,137.539536,122.496434,15.043102000000005,116.397983,16,12,2273
49,6543016729,6682048613,139.031884,115.591456,23.440427999999997,109.500077,16,12,2273
50,6682048613,6815380701,133.332088,119.897558,13.434529999999995,113.74778,16,12,2273
51,6815380701,6948330679,132.949978,113.158118,19.791859999999986,106.665076,16,12,2273
52,6948330679,7084301577,135.970898,117.424059,18.546839000000006,110.923658,16,12,2273
53,7084301577,7221810009,137.508432,117.910684,19.597747999999996,111.296586,16,12,2273
54,7221810009,7356403630,134.593621,115.000801,19.592820000000017,108.526191,16,12,2273
55,7356403630,7486595758,130.192128,116.268415,13.923712999999992,109.47547,16,12,2273
56,7486595758,7621109220,134.513462,116.106495,18.40696700000001,109.20091,16,12,2273
57,7621109220,7755244987,134.135767,117.069533,17.06623399999998,110.986826,16,12,2273
58,7755244987,7894090311,138.845324,120.518197,18.327127000000004,113.619524,16,12,2273
