scene,round,frame,frame_wall_ms
classroom,1,0,24642.752000
classroom,1,1,431.305292
classroom,1,2,432.743875
classroom,1,3,431.690209
classroom,1,4,431.264291
classroom,1,5,435.020959
classroom,1,6,429.062583
classroom,1,7,438.416500
classroom,1,8,431.425459
classroom,1,9,433.198417
classroom,1,10,436.453334
classroom,1,11,437.893917
classroom,1,12,429.713417
classroom,1,13,433.531625
classroom,1,14,435.520041
classroom,1,15,431.060625
classroom,1,16,429.578833
classroom,1,17,430.381500
classroom,1,18,430.251333
classroom,1,19,431.199834
classroom,1,20,432.604208
classroom,1,21,429.828167
classroom,1,22,431.973459
classroom,1,23,429.985500
classroom,1,24,432.723583
classroom,1,25,428.006625
classroom,1,26,431.076042
classroom,1,27,433.114292
classroom,1,28,430.730250
classroom,1,29,432.634333
classroom,1,30,432.799541
classroom,1,31,432.462667
classroom,1,32,433.708750
classroom,1,33,435.381375
classroom,1,34,435.179167
classroom,1,35,431.309333
classroom,1,36,430.769958
classroom,1,37,430.522000
classroom,1,38,430.075208
classroom,1,39,435.280375
classroom,1,40,433.947750
classroom,1,41,437.653333
classroom,1,42,431.720209
classroom,1,43,435.968334
classroom,1,44,433.472542
classroom,1,45,433.662000
classroom,1,46,431.585750
classroom,1,47,433.996292
classroom,1,48,432.456000
classroom,1,49,433.120917
classroom,1,50,435.372125
classroom,1,51,430.951542
classroom,1,52,434.225167
classroom,1,53,431.426041
classroom,1,54,430.418083
classroom,1,55,432.220750
classroom,1,56,433.589500
classroom,1,57,439.217042
classroom,1,58,430.940375
classroom,1,59,437.088208
classroom,1,60,434.055667
classroom,1,61,432.983541
classroom,1,62,432.679584
classroom,1,63,435.469459
classroom,1,64,432.676167
classroom,1,65,431.126792
classroom,1,66,431.952459
classroom,1,67,434.749125
classroom,1,68,435.081375
classroom,1,69,435.067792
classroom,1,70,437.449792
classroom,1,71,430.683125
classroom,1,72,430.236292
classroom,1,73,434.756000
classroom,1,74,433.099500
classroom,1,75,433.633417
classroom,1,76,433.490167
classroom,1,77,430.555833
classroom,1,78,433.525125
classroom,1,79,434.119708
classroom,1,80,439.275500
classroom,1,81,431.500250
classroom,1,82,434.851042
classroom,1,83,431.922250
classroom,1,84,433.418042
classroom,1,85,434.382125
classroom,1,86,434.444959
classroom,1,87,434.827958
classroom,1,88,434.676625
classroom,1,89,432.243375
classroom,1,90,436.625167
classroom,1,91,428.709667
classroom,1,92,435.389209
classroom,1,93,432.011916
classroom,1,94,433.164959
classroom,1,95,429.768417
classroom,1,96,431.714209
classroom,1,97,433.376375
classroom,1,98,430.887834
classroom,1,99,435.990000
classroom,1,100,432.844584
classroom,1,101,435.088834
classroom,1,102,432.470708
classroom,1,103,436.354917
classroom,1,104,433.567875
classroom,1,105,430.070667
classroom,1,106,432.949625
classroom,1,107,431.179333
classroom,1,108,434.780708
classroom,1,109,433.327292
classroom,1,110,438.133417
classroom,1,111,436.886000
classroom,1,112,433.487666
classroom,1,113,432.185708
classroom,1,114,428.423709
classroom,1,115,431.414916
classroom,1,116,433.558333
classroom,1,117,432.829667
classroom,1,118,434.954917
classroom,1,119,436.146417
classroom,2,0,23027.344333
classroom,2,1,442.913042
classroom,2,2,440.397625
classroom,2,3,445.018667
classroom,2,4,435.893250
classroom,2,5,439.686584
classroom,2,6,444.946333
classroom,2,7,438.370875
classroom,2,8,436.229792
classroom,2,9,445.474250
classroom,2,10,438.139042
classroom,2,11,438.766792
classroom,2,12,438.962750
classroom,2,13,440.529834
classroom,2,14,437.949167
classroom,2,15,441.079584
classroom,2,16,438.507500
classroom,2,17,441.242333
classroom,2,18,435.990167
classroom,2,19,440.939833
classroom,2,20,442.671666
classroom,2,21,439.294958
classroom,2,22,437.388458
classroom,2,23,445.001750
classroom,2,24,440.155375
classroom,2,25,441.440542
classroom,2,26,439.518500
classroom,2,27,442.484375
classroom,2,28,438.626625
classroom,2,29,439.002292
classroom,2,30,438.630542
classroom,2,31,435.416958
classroom,2,32,442.108292
classroom,2,33,443.738334
classroom,2,34,440.846000
classroom,2,35,443.164625
classroom,2,36,435.768041
classroom,2,37,439.784458
classroom,2,38,439.481666
classroom,2,39,435.751416
classroom,2,40,436.701375
classroom,2,41,438.351833
classroom,2,42,442.027625
classroom,2,43,438.753667
classroom,2,44,441.045125
classroom,2,45,437.758000
classroom,2,46,442.113500
classroom,2,47,440.247916
classroom,2,48,439.453792
classroom,2,49,440.083958
classroom,2,50,435.476709
classroom,2,51,441.265458
classroom,2,52,440.431667
classroom,2,53,441.529625
classroom,2,54,438.762167
classroom,2,55,438.709792
classroom,2,56,437.096833
classroom,2,57,439.363459
classroom,2,58,440.098833
classroom,2,59,436.663250
classroom,2,60,438.256125
classroom,2,61,437.117875
classroom,2,62,441.842958
classroom,2,63,440.789542
classroom,2,64,441.567417
classroom,2,65,436.643500
classroom,2,66,438.329125
classroom,2,67,443.199250
classroom,2,68,441.406458
classroom,2,69,437.403250
classroom,2,70,439.726708
classroom,2,71,441.744833
classroom,2,72,440.860542
classroom,2,73,442.795541
classroom,2,74,439.479250
classroom,2,75,438.990000
classroom,2,76,441.603042
classroom,2,77,440.996000
classroom,2,78,440.128291
classroom,2,79,437.081416
classroom,2,80,437.862666
classroom,2,81,436.219500
classroom,2,82,438.136917
classroom,2,83,441.899958
classroom,2,84,437.764333
classroom,2,85,437.799750
classroom,2,86,439.827500
classroom,2,87,442.038959
classroom,2,88,440.547834
classroom,2,89,438.733791
classroom,2,90,443.486625
classroom,2,91,443.705417
classroom,2,92,439.925625
classroom,2,93,437.282958
classroom,2,94,441.419834
classroom,2,95,439.454708
classroom,2,96,437.220416
classroom,2,97,439.411833
classroom,2,98,437.254667
classroom,2,99,442.961625
classroom,2,100,440.012750
classroom,2,101,439.749959
classroom,2,102,436.392500
classroom,2,103,442.561041
classroom,2,104,440.135334
classroom,2,105,441.522084
classroom,2,106,435.886834
classroom,2,107,436.103292
classroom,2,108,440.458834
classroom,2,109,440.653666
classroom,2,110,437.718916
classroom,2,111,439.411125
classroom,2,112,442.581250
classroom,2,113,440.726458
classroom,2,114,438.330000
classroom,2,115,439.730166
classroom,2,116,437.012375
classroom,2,117,442.731542
classroom,2,118,440.778250
classroom,2,119,437.612917
junkshop,1,0,5852.559125
junkshop,1,1,312.100458
junkshop,1,2,312.832583
junkshop,1,3,313.895667
junkshop,1,4,313.152708
junkshop,1,5,313.694666
junkshop,1,6,314.974416
junkshop,1,7,314.503084
junkshop,1,8,312.463250
junkshop,1,9,311.073708
junkshop,1,10,312.859417
junkshop,1,11,314.901792
junkshop,1,12,313.305958
junkshop,1,13,312.616750
junkshop,1,14,315.086708
junkshop,1,15,314.134625
junkshop,1,16,311.474291
junkshop,1,17,313.821750
junkshop,1,18,311.749042
junkshop,1,19,318.650625
junkshop,1,20,310.693042
junkshop,1,21,315.089458
junkshop,1,22,309.728833
junkshop,1,23,314.318458
junkshop,1,24,312.943291
junkshop,1,25,311.717375
junkshop,1,26,312.634584
junkshop,1,27,314.256541
junkshop,1,28,314.184958
junkshop,1,29,315.222500
junkshop,1,30,311.958333
junkshop,1,31,312.726125
junkshop,1,32,315.448583
junkshop,1,33,314.206000
junkshop,1,34,312.100666
junkshop,1,35,313.675875
junkshop,1,36,314.319750
junkshop,1,37,314.960583
junkshop,1,38,313.096667
junkshop,1,39,313.537125
junkshop,1,40,316.757792
junkshop,1,41,311.670041
junkshop,1,42,315.832583
junkshop,1,43,312.638625
junkshop,1,44,313.638458
junkshop,1,45,313.047333
junkshop,1,46,314.569750
junkshop,1,47,311.587875
junkshop,1,48,312.995458
junkshop,1,49,313.844542
junkshop,1,50,317.150708
junkshop,1,51,314.232458
junkshop,1,52,312.953000
junkshop,1,53,312.830750
junkshop,1,54,313.814791
junkshop,1,55,314.477333
junkshop,1,56,318.027375
junkshop,1,57,312.233917
junkshop,1,58,317.187375
junkshop,1,59,311.925125
junkshop,1,60,311.667417
junkshop,1,61,314.453459
junkshop,1,62,315.126375
junkshop,1,63,313.842584
junkshop,1,64,314.708167
junkshop,1,65,316.521042
junkshop,1,66,314.801167
junkshop,1,67,311.668166
junkshop,1,68,313.121542
junkshop,1,69,313.230917
junkshop,1,70,316.481709
junkshop,1,71,312.091375
junkshop,1,72,314.318250
junkshop,1,73,314.413500
junkshop,1,74,313.761583
junkshop,1,75,314.149125
junkshop,1,76,312.237250
junkshop,1,77,313.175583
junkshop,1,78,313.917417
junkshop,1,79,315.498750
junkshop,1,80,314.843500
junkshop,1,81,313.304166
junkshop,1,82,313.058166
junkshop,1,83,314.001583
junkshop,1,84,314.876250
junkshop,1,85,311.913833
junkshop,1,86,314.403459
junkshop,1,87,312.819458
junkshop,1,88,313.598250
junkshop,1,89,312.302000
junkshop,1,90,312.498250
junkshop,1,91,314.368042
junkshop,1,92,313.300208
junkshop,1,93,315.148791
junkshop,1,94,317.879750
junkshop,1,95,312.683750
junkshop,1,96,313.462708
junkshop,1,97,314.801709
junkshop,1,98,314.044416
junkshop,1,99,313.850584
junkshop,1,100,312.989666
junkshop,1,101,315.814250
junkshop,1,102,312.459125
junkshop,1,103,312.925417
junkshop,1,104,312.072500
junkshop,1,105,315.952333
junkshop,1,106,311.318834
junkshop,1,107,313.595333
junkshop,1,108,313.046625
junkshop,1,109,314.794667
junkshop,1,110,318.995834
junkshop,1,111,317.806208
junkshop,1,112,314.724000
junkshop,1,113,314.927750
junkshop,1,114,315.289000
junkshop,1,115,313.210958
junkshop,1,116,318.266833
junkshop,1,117,314.248791
junkshop,1,118,316.126666
junkshop,1,119,315.085792
junkshop,2,0,4151.679041
junkshop,2,1,317.667792
junkshop,2,2,315.001542
junkshop,2,3,314.552750
junkshop,2,4,315.691291
junkshop,2,5,316.393916
junkshop,2,6,317.932292
junkshop,2,7,315.190625
junkshop,2,8,315.232917
junkshop,2,9,316.440917
junkshop,2,10,315.264542
junkshop,2,11,318.956917
junkshop,2,12,316.789042
junkshop,2,13,319.684500
junkshop,2,14,315.598791
junkshop,2,15,316.049250
junkshop,2,16,319.468333
junkshop,2,17,316.927875
junkshop,2,18,314.058375
junkshop,2,19,316.357583
junkshop,2,20,314.580625
junkshop,2,21,315.334750
junkshop,2,22,315.688833
junkshop,2,23,317.706333
junkshop,2,24,313.635917
junkshop,2,25,318.809666
junkshop,2,26,314.308250
junkshop,2,27,316.033917
junkshop,2,28,315.691167
junkshop,2,29,316.974917
junkshop,2,30,314.644167
junkshop,2,31,316.116667
junkshop,2,32,315.600958
junkshop,2,33,316.513625
junkshop,2,34,316.590125
junkshop,2,35,317.509334
junkshop,2,36,315.295708
junkshop,2,37,317.926916
junkshop,2,38,315.866125
junkshop,2,39,317.402166
junkshop,2,40,316.716125
junkshop,2,41,316.245791
junkshop,2,42,316.935375
junkshop,2,43,314.896166
junkshop,2,44,317.861958
junkshop,2,45,315.797958
junkshop,2,46,317.608333
junkshop,2,47,318.123917
junkshop,2,48,317.357709
junkshop,2,49,317.129042
junkshop,2,50,315.251500
junkshop,2,51,316.836583
junkshop,2,52,314.891208
junkshop,2,53,320.262708
junkshop,2,54,320.009459
junkshop,2,55,318.087125
junkshop,2,56,316.510292
junkshop,2,57,316.637000
junkshop,2,58,316.102333
junkshop,2,59,318.996500
junkshop,2,60,315.887750
junkshop,2,61,317.921708
junkshop,2,62,315.612625
junkshop,2,63,316.330583
junkshop,2,64,317.006541
junkshop,2,65,317.763958
junkshop,2,66,315.737959
junkshop,2,67,317.573916
junkshop,2,68,317.272833
junkshop,2,69,316.253625
junkshop,2,70,316.156583
junkshop,2,71,315.893292
junkshop,2,72,317.707875
junkshop,2,73,315.728500
junkshop,2,74,317.550500
junkshop,2,75,315.148500
junkshop,2,76,316.592250
junkshop,2,77,315.450917
junkshop,2,78,315.298000
junkshop,2,79,317.227125
junkshop,2,80,314.260000
junkshop,2,81,315.726334
junkshop,2,82,317.944750
junkshop,2,83,316.808166
junkshop,2,84,318.249625
junkshop,2,85,315.122208
junkshop,2,86,315.132959
junkshop,2,87,315.641583
junkshop,2,88,315.922041
junkshop,2,89,317.830917
junkshop,2,90,315.600459
junkshop,2,91,319.845459
junkshop,2,92,317.659750
junkshop,2,93,319.094792
junkshop,2,94,316.216041
junkshop,2,95,316.677209
junkshop,2,96,315.818000
junkshop,2,97,318.693292
junkshop,2,98,316.662583
junkshop,2,99,317.495000
junkshop,2,100,315.466125
junkshop,2,101,317.298750
junkshop,2,102,318.605500
junkshop,2,103,316.244584
junkshop,2,104,315.781875
junkshop,2,105,315.682250
junkshop,2,106,315.389250
junkshop,2,107,316.673792
junkshop,2,108,317.225208
junkshop,2,109,315.902625
junkshop,2,110,317.743250
junkshop,2,111,318.086709
junkshop,2,112,316.104041
junkshop,2,113,315.715667
junkshop,2,114,316.891334
junkshop,2,115,318.025584
junkshop,2,116,315.779500
junkshop,2,117,316.695458
junkshop,2,118,316.016375
junkshop,2,119,317.941625
monster,1,0,4202.891875
monster,1,1,391.371666
monster,1,2,389.045375
monster,1,3,392.004750
monster,1,4,390.377417
monster,1,5,387.261125
monster,1,6,386.859500
monster,1,7,385.882083
monster,1,8,384.138084
monster,1,9,389.117833
monster,1,10,388.879250
monster,1,11,390.783208
monster,1,12,390.732083
monster,1,13,389.947792
monster,1,14,384.935709
monster,1,15,397.967000
monster,1,16,387.111291
monster,1,17,389.158459
monster,1,18,385.498750
monster,1,19,390.233416
monster,1,20,386.611583
monster,1,21,387.370625
monster,1,22,387.615416
monster,1,23,386.526334
monster,1,24,390.634500
monster,1,25,391.644458
monster,1,26,386.471208
monster,1,27,391.218375
monster,1,28,385.527916
monster,1,29,385.741500
monster,1,30,394.775541
monster,1,31,386.332791
monster,1,32,388.070792
monster,1,33,391.419542
monster,1,34,387.581542
monster,1,35,388.469583
monster,1,36,387.070583
monster,1,37,384.671000
monster,1,38,386.044000
monster,1,39,392.684875
monster,1,40,385.728375
monster,1,41,393.953875
monster,1,42,392.841375
monster,1,43,393.077333
monster,1,44,385.815833
monster,1,45,386.338750
monster,1,46,392.160917
monster,1,47,386.859833
monster,1,48,389.357583
monster,1,49,396.912167
monster,1,50,391.494000
monster,1,51,386.917666
monster,1,52,388.994375
monster,1,53,392.688375
monster,1,54,385.921958
monster,1,55,390.785333
monster,1,56,384.699667
monster,1,57,384.873167
monster,1,58,385.410708
monster,1,59,399.461000
monster,1,60,389.636875
monster,1,61,392.513125
monster,1,62,386.134667
monster,1,63,384.865792
monster,1,64,385.924042
monster,1,65,384.856583
monster,1,66,386.809250
monster,1,67,381.184292
monster,1,68,384.914542
monster,1,69,388.465791
monster,1,70,390.050291
monster,1,71,387.899666
monster,1,72,384.791666
monster,1,73,386.319667
monster,1,74,386.190458
monster,1,75,386.565917
monster,1,76,385.502417
monster,1,77,387.342958
monster,1,78,391.123000
monster,1,79,397.084292
monster,1,80,385.594875
monster,1,81,386.689791
monster,1,82,393.679292
monster,1,83,388.812083
monster,1,84,389.133708
monster,1,85,387.964875
monster,1,86,386.974791
monster,1,87,386.553459
monster,1,88,394.139417
monster,1,89,385.607917
monster,1,90,386.950834
monster,1,91,388.060500
monster,1,92,390.277625
monster,1,93,392.512875
monster,1,94,387.270625
monster,1,95,389.589625
monster,1,96,385.922084
monster,1,97,385.691666
monster,1,98,388.454250
monster,1,99,384.826417
monster,1,100,388.331542
monster,1,101,384.997958
monster,1,102,391.332833
monster,1,103,384.761708
monster,1,104,391.670583
monster,1,105,394.605916
monster,1,106,391.364541
monster,1,107,390.875541
monster,1,108,386.022375
monster,1,109,387.559750
monster,1,110,390.987458
monster,1,111,390.185458
monster,1,112,383.432167
monster,1,113,384.264542
monster,1,114,387.230750
monster,1,115,386.326541
monster,1,116,386.893584
monster,1,117,387.678459
monster,1,118,387.317584
monster,1,119,386.887417
monster,2,0,3942.877000
monster,2,1,393.896667
monster,2,2,396.996625
monster,2,3,389.899625
monster,2,4,394.863541
monster,2,5,398.967125
monster,2,6,394.029708
monster,2,7,398.591375
monster,2,8,392.814042
monster,2,9,399.993833
monster,2,10,396.860459
monster,2,11,393.870875
monster,2,12,397.445417
monster,2,13,399.109416
monster,2,14,393.045875
monster,2,15,397.787292
monster,2,16,392.555000
monster,2,17,394.071250
monster,2,18,397.529000
monster,2,19,394.415875
monster,2,20,398.961750
monster,2,21,393.150375
monster,2,22,394.348750
monster,2,23,394.603916
monster,2,24,394.467500
monster,2,25,395.608166
monster,2,26,397.259375
monster,2,27,394.946292
monster,2,28,395.969042
monster,2,29,396.759625
monster,2,30,395.726500
monster,2,31,395.176791
monster,2,32,394.380334
monster,2,33,396.616000
monster,2,34,393.663500
monster,2,35,397.518959
monster,2,36,396.815167
monster,2,37,396.237167
monster,2,38,394.848917
monster,2,39,392.036875
monster,2,40,393.466750
monster,2,41,397.064125
monster,2,42,395.260916
monster,2,43,394.826750
monster,2,44,393.795584
monster,2,45,397.963541
monster,2,46,400.049958
monster,2,47,400.919292
monster,2,48,398.480209
monster,2,49,398.723250
monster,2,50,398.607000
monster,2,51,399.681042
monster,2,52,392.679125
monster,2,53,394.138666
monster,2,54,394.997917
monster,2,55,394.588209
monster,2,56,396.837167
monster,2,57,398.638333
monster,2,58,395.638000
monster,2,59,395.128458
monster,2,60,393.005166
monster,2,61,398.690500
monster,2,62,397.078459
monster,2,63,395.394584
monster,2,64,391.486958
monster,2,65,397.243417
monster,2,66,395.185459
monster,2,67,394.858000
monster,2,68,396.289458
monster,2,69,393.143292
monster,2,70,398.248916
monster,2,71,398.743500
monster,2,72,397.323500
monster,2,73,397.111583
monster,2,74,393.986541
monster,2,75,395.661875
monster,2,76,398.121250
monster,2,77,393.369750
monster,2,78,399.469666
monster,2,79,395.964500
monster,2,80,395.125166
monster,2,81,395.538250
monster,2,82,394.716500
monster,2,83,397.703875
monster,2,84,396.530583
monster,2,85,398.036125
monster,2,86,399.868250
monster,2,87,393.778708
monster,2,88,396.308750
monster,2,89,396.895083
monster,2,90,398.586875
monster,2,91,398.150875
monster,2,92,394.820417
monster,2,93,399.645000
monster,2,94,395.059375
monster,2,95,394.884375
monster,2,96,394.860917
monster,2,97,397.900125
monster,2,98,397.378458
monster,2,99,392.678583
monster,2,100,395.355041
monster,2,101,398.765208
monster,2,102,394.132167
monster,2,103,398.732042
monster,2,104,397.751584
monster,2,105,395.645041
monster,2,106,399.472250
monster,2,107,393.191625
monster,2,108,396.355084
monster,2,109,396.864208
monster,2,110,396.669042
monster,2,111,395.900875
monster,2,112,397.874000
monster,2,113,395.073958
monster,2,114,391.660333
monster,2,115,393.754791
monster,2,116,393.132750
monster,2,117,397.486375
monster,2,118,397.011667
monster,2,119,397.079958
